--
-- PostgreSQL database dump
--

-- Dumped from database version 9.5.4
-- Dumped by pg_dump version 9.5.4

SET statement_timeout = 0;
SET lock_timeout = 0;
SET client_encoding = 'UTF8';
SET standard_conforming_strings = on;
SET check_function_bodies = false;
SET client_min_messages = warning;
SET row_security = off;

--
-- Name: plpgsql; Type: EXTENSION; Schema: -; Owner: 
--

CREATE EXTENSION IF NOT EXISTS plpgsql WITH SCHEMA pg_catalog;


--
-- Name: EXTENSION plpgsql; Type: COMMENT; Schema: -; Owner: 
--

COMMENT ON EXTENSION plpgsql IS 'PL/pgSQL procedural language';


SET search_path = public, pg_catalog;

SET default_tablespace = '';

SET default_with_oids = false;

--
-- Name: genres; Type: TABLE; Schema: public; Owner: vagrant
--

CREATE TABLE genres (
    genre_id integer NOT NULL,
    genre character varying(50) NOT NULL
);


ALTER TABLE genres OWNER TO vagrant;

--
-- Name: genres_genre_id_seq; Type: SEQUENCE; Schema: public; Owner: vagrant
--

CREATE SEQUENCE genres_genre_id_seq
    START WITH 1
    INCREMENT BY 1
    NO MINVALUE
    NO MAXVALUE
    CACHE 1;


ALTER TABLE genres_genre_id_seq OWNER TO vagrant;

--
-- Name: genres_genre_id_seq; Type: SEQUENCE OWNED BY; Schema: public; Owner: vagrant
--

ALTER SEQUENCE genres_genre_id_seq OWNED BY genres.genre_id;


--
-- Name: movie_keywords_ratings; Type: TABLE; Schema: public; Owner: vagrant
--

CREATE TABLE movie_keywords_ratings (
    mkr_id integer NOT NULL,
    keyword_id integer NOT NULL,
    movie_id integer NOT NULL,
    keyword_rating integer
);


ALTER TABLE movie_keywords_ratings OWNER TO vagrant;

--
-- Name: movie_keywords_ratings_mkr_id_seq; Type: SEQUENCE; Schema: public; Owner: vagrant
--

CREATE SEQUENCE movie_keywords_ratings_mkr_id_seq
    START WITH 1
    INCREMENT BY 1
    NO MINVALUE
    NO MAXVALUE
    CACHE 1;


ALTER TABLE movie_keywords_ratings_mkr_id_seq OWNER TO vagrant;

--
-- Name: movie_keywords_ratings_mkr_id_seq; Type: SEQUENCE OWNED BY; Schema: public; Owner: vagrant
--

ALTER SEQUENCE movie_keywords_ratings_mkr_id_seq OWNED BY movie_keywords_ratings.mkr_id;


--
-- Name: movies; Type: TABLE; Schema: public; Owner: vagrant
--

CREATE TABLE movies (
    movie_id integer NOT NULL,
    title character varying(150) NOT NULL,
    imdb_rating double precision NOT NULL,
    released_at timestamp without time zone NOT NULL,
    poster_url character varying(200) NOT NULL,
    thumbnail_url character varying(200) NOT NULL,
    plot character varying(500) NOT NULL,
    runtime character varying(20) NOT NULL,
    actors character varying(300) NOT NULL
);


ALTER TABLE movies OWNER TO vagrant;

--
-- Name: movies_genres; Type: TABLE; Schema: public; Owner: vagrant
--

CREATE TABLE movies_genres (
    movie_genre_id integer NOT NULL,
    movie_id integer NOT NULL,
    genre_id integer NOT NULL
);


ALTER TABLE movies_genres OWNER TO vagrant;

--
-- Name: movies_genres_movie_genre_id_seq; Type: SEQUENCE; Schema: public; Owner: vagrant
--

CREATE SEQUENCE movies_genres_movie_genre_id_seq
    START WITH 1
    INCREMENT BY 1
    NO MINVALUE
    NO MAXVALUE
    CACHE 1;


ALTER TABLE movies_genres_movie_genre_id_seq OWNER TO vagrant;

--
-- Name: movies_genres_movie_genre_id_seq; Type: SEQUENCE OWNED BY; Schema: public; Owner: vagrant
--

ALTER SEQUENCE movies_genres_movie_genre_id_seq OWNED BY movies_genres.movie_genre_id;


--
-- Name: movies_movie_id_seq; Type: SEQUENCE; Schema: public; Owner: vagrant
--

CREATE SEQUENCE movies_movie_id_seq
    START WITH 1
    INCREMENT BY 1
    NO MINVALUE
    NO MAXVALUE
    CACHE 1;


ALTER TABLE movies_movie_id_seq OWNER TO vagrant;

--
-- Name: movies_movie_id_seq; Type: SEQUENCE OWNED BY; Schema: public; Owner: vagrant
--

ALTER SEQUENCE movies_movie_id_seq OWNED BY movies.movie_id;


--
-- Name: movies_sources; Type: TABLE; Schema: public; Owner: vagrant
--

CREATE TABLE movies_sources (
    movie_source_id integer NOT NULL,
    movie_id integer NOT NULL,
    src_code character varying(5),
    source_url character varying(100)
);


ALTER TABLE movies_sources OWNER TO vagrant;

--
-- Name: movies_sources_movie_source_id_seq; Type: SEQUENCE; Schema: public; Owner: vagrant
--

CREATE SEQUENCE movies_sources_movie_source_id_seq
    START WITH 1
    INCREMENT BY 1
    NO MINVALUE
    NO MAXVALUE
    CACHE 1;


ALTER TABLE movies_sources_movie_source_id_seq OWNER TO vagrant;

--
-- Name: movies_sources_movie_source_id_seq; Type: SEQUENCE OWNED BY; Schema: public; Owner: vagrant
--

ALTER SEQUENCE movies_sources_movie_source_id_seq OWNED BY movies_sources.movie_source_id;


--
-- Name: movies_watched; Type: TABLE; Schema: public; Owner: vagrant
--

CREATE TABLE movies_watched (
    movies_watched_id integer NOT NULL,
    movie_id integer NOT NULL,
    user_id integer NOT NULL
);


ALTER TABLE movies_watched OWNER TO vagrant;

--
-- Name: movies_watched_movies_watched_id_seq; Type: SEQUENCE; Schema: public; Owner: vagrant
--

CREATE SEQUENCE movies_watched_movies_watched_id_seq
    START WITH 1
    INCREMENT BY 1
    NO MINVALUE
    NO MAXVALUE
    CACHE 1;


ALTER TABLE movies_watched_movies_watched_id_seq OWNER TO vagrant;

--
-- Name: movies_watched_movies_watched_id_seq; Type: SEQUENCE OWNED BY; Schema: public; Owner: vagrant
--

ALTER SEQUENCE movies_watched_movies_watched_id_seq OWNED BY movies_watched.movies_watched_id;


--
-- Name: sources; Type: TABLE; Schema: public; Owner: vagrant
--

CREATE TABLE sources (
    src_code character varying(5) NOT NULL,
    source character varying(10) NOT NULL
);


ALTER TABLE sources OWNER TO vagrant;

--
-- Name: t1_keywords; Type: TABLE; Schema: public; Owner: vagrant
--

CREATE TABLE t1_keywords (
    qk_id integer NOT NULL,
    descriptive_keyword character varying(50) NOT NULL
);


ALTER TABLE t1_keywords OWNER TO vagrant;

--
-- Name: t1_keywords_qk_id_seq; Type: SEQUENCE; Schema: public; Owner: vagrant
--

CREATE SEQUENCE t1_keywords_qk_id_seq
    START WITH 1
    INCREMENT BY 1
    NO MINVALUE
    NO MAXVALUE
    CACHE 1;


ALTER TABLE t1_keywords_qk_id_seq OWNER TO vagrant;

--
-- Name: t1_keywords_qk_id_seq; Type: SEQUENCE OWNED BY; Schema: public; Owner: vagrant
--

ALTER SEQUENCE t1_keywords_qk_id_seq OWNED BY t1_keywords.qk_id;


--
-- Name: users; Type: TABLE; Schema: public; Owner: vagrant
--

CREATE TABLE users (
    user_id integer NOT NULL,
    email character varying(64) NOT NULL,
    password character varying(64) NOT NULL
);


ALTER TABLE users OWNER TO vagrant;

--
-- Name: users_preferences; Type: TABLE; Schema: public; Owner: vagrant
--

CREATE TABLE users_preferences (
    up_id integer NOT NULL,
    keyword_id integer NOT NULL,
    user_id integer NOT NULL,
    genre_rating integer
);


ALTER TABLE users_preferences OWNER TO vagrant;

--
-- Name: users_preferences_up_id_seq; Type: SEQUENCE; Schema: public; Owner: vagrant
--

CREATE SEQUENCE users_preferences_up_id_seq
    START WITH 1
    INCREMENT BY 1
    NO MINVALUE
    NO MAXVALUE
    CACHE 1;


ALTER TABLE users_preferences_up_id_seq OWNER TO vagrant;

--
-- Name: users_preferences_up_id_seq; Type: SEQUENCE OWNED BY; Schema: public; Owner: vagrant
--

ALTER SEQUENCE users_preferences_up_id_seq OWNED BY users_preferences.up_id;


--
-- Name: users_user_id_seq; Type: SEQUENCE; Schema: public; Owner: vagrant
--

CREATE SEQUENCE users_user_id_seq
    START WITH 1
    INCREMENT BY 1
    NO MINVALUE
    NO MAXVALUE
    CACHE 1;


ALTER TABLE users_user_id_seq OWNER TO vagrant;

--
-- Name: users_user_id_seq; Type: SEQUENCE OWNED BY; Schema: public; Owner: vagrant
--

ALTER SEQUENCE users_user_id_seq OWNED BY users.user_id;


--
-- Name: genre_id; Type: DEFAULT; Schema: public; Owner: vagrant
--

ALTER TABLE ONLY genres ALTER COLUMN genre_id SET DEFAULT nextval('genres_genre_id_seq'::regclass);


--
-- Name: mkr_id; Type: DEFAULT; Schema: public; Owner: vagrant
--

ALTER TABLE ONLY movie_keywords_ratings ALTER COLUMN mkr_id SET DEFAULT nextval('movie_keywords_ratings_mkr_id_seq'::regclass);


--
-- Name: movie_id; Type: DEFAULT; Schema: public; Owner: vagrant
--

ALTER TABLE ONLY movies ALTER COLUMN movie_id SET DEFAULT nextval('movies_movie_id_seq'::regclass);


--
-- Name: movie_genre_id; Type: DEFAULT; Schema: public; Owner: vagrant
--

ALTER TABLE ONLY movies_genres ALTER COLUMN movie_genre_id SET DEFAULT nextval('movies_genres_movie_genre_id_seq'::regclass);


--
-- Name: movie_source_id; Type: DEFAULT; Schema: public; Owner: vagrant
--

ALTER TABLE ONLY movies_sources ALTER COLUMN movie_source_id SET DEFAULT nextval('movies_sources_movie_source_id_seq'::regclass);


--
-- Name: movies_watched_id; Type: DEFAULT; Schema: public; Owner: vagrant
--

ALTER TABLE ONLY movies_watched ALTER COLUMN movies_watched_id SET DEFAULT nextval('movies_watched_movies_watched_id_seq'::regclass);


--
-- Name: qk_id; Type: DEFAULT; Schema: public; Owner: vagrant
--

ALTER TABLE ONLY t1_keywords ALTER COLUMN qk_id SET DEFAULT nextval('t1_keywords_qk_id_seq'::regclass);


--
-- Name: user_id; Type: DEFAULT; Schema: public; Owner: vagrant
--

ALTER TABLE ONLY users ALTER COLUMN user_id SET DEFAULT nextval('users_user_id_seq'::regclass);


--
-- Name: up_id; Type: DEFAULT; Schema: public; Owner: vagrant
--

ALTER TABLE ONLY users_preferences ALTER COLUMN up_id SET DEFAULT nextval('users_preferences_up_id_seq'::regclass);


--
-- Data for Name: genres; Type: TABLE DATA; Schema: public; Owner: vagrant
--

COPY genres (genre_id, genre) FROM stdin;
1	Action
3	Adventure
4	Animation
36	Biography
5	Children
6	Comedy
7	Crime
8	Documentary
9	Drama
10	Family
11	Fantasy
35	Film-Noir
12	Food
32	History
15	Horror
31	Music
34	Musical
17	Mystery
20	Romance
21	Science-Fiction
24	Sport
25	Suspense
27	Thriller
33	War
30	Western
\.


--
-- Name: genres_genre_id_seq; Type: SEQUENCE SET; Schema: public; Owner: vagrant
--

SELECT pg_catalog.setval('genres_genre_id_seq', 1, false);


--
-- Data for Name: movie_keywords_ratings; Type: TABLE DATA; Schema: public; Owner: vagrant
--

COPY movie_keywords_ratings (mkr_id, keyword_id, movie_id, keyword_rating) FROM stdin;
1	1	135759	20
2	2	135759	20
3	3	135759	20
4	4	135759	20
5	5	135759	20
6	6	135759	20
7	7	135759	20
8	8	135759	20
10	10	135759	20
11	11	135759	20
12	12	135759	20
13	13	135759	20
14	14	135759	20
15	15	135759	20
16	16	135759	20
17	17	135759	20
18	18	135759	20
19	19	135759	20
20	20	135759	20
21	21	135759	20
24	24	135759	20
9	9	135759	50
22	22	135759	50
23	23	135759	50
25	1	134210	20
26	2	134210	20
27	3	134210	20
28	4	134210	20
29	5	134210	20
30	6	134210	20
31	7	134210	20
32	8	134210	20
34	10	134210	20
35	11	134210	20
36	12	134210	20
37	13	134210	20
38	14	134210	20
39	15	134210	20
40	16	134210	20
41	17	134210	20
42	18	134210	20
43	19	134210	20
44	20	134210	20
45	21	134210	20
46	22	134210	20
47	23	134210	20
48	24	134210	20
33	9	134210	50
49	1	135227	20
50	2	135227	20
51	3	135227	20
52	4	135227	20
53	5	135227	20
54	6	135227	20
55	7	135227	20
56	8	135227	20
57	9	135227	20
58	10	135227	20
59	11	135227	20
60	12	135227	20
61	13	135227	20
62	14	135227	20
64	16	135227	20
66	18	135227	20
67	19	135227	20
68	20	135227	20
69	21	135227	20
70	22	135227	20
71	23	135227	20
72	24	135227	20
63	15	135227	50
65	17	135227	50
75	3	128834	20
76	4	128834	20
77	5	128834	20
78	6	128834	20
79	7	128834	20
80	8	128834	20
81	9	128834	20
82	10	128834	20
83	11	128834	20
84	12	128834	20
85	13	128834	20
86	14	128834	20
87	15	128834	20
88	16	128834	20
89	17	128834	20
90	18	128834	20
92	20	128834	20
93	21	128834	20
94	22	128834	20
95	23	128834	20
96	24	128834	20
73	1	128834	50
74	2	128834	50
91	19	128834	50
99	3	129206	20
100	4	129206	20
101	5	129206	20
102	6	129206	20
103	7	129206	20
104	8	129206	20
105	9	129206	20
106	10	129206	20
107	11	129206	20
108	12	129206	20
109	13	129206	20
110	14	129206	20
111	15	129206	20
112	16	129206	20
113	17	129206	20
114	18	129206	20
115	19	129206	20
116	20	129206	20
117	21	129206	20
119	23	129206	20
120	24	129206	20
97	1	129206	50
98	2	129206	50
118	22	129206	50
123	3	132455	20
124	4	132455	20
125	5	132455	20
126	6	132455	20
127	7	132455	20
128	8	132455	20
129	9	132455	20
130	10	132455	20
131	11	132455	20
132	12	132455	20
133	13	132455	20
134	14	132455	20
135	15	132455	20
136	16	132455	20
137	17	132455	20
138	18	132455	20
139	19	132455	20
140	20	132455	20
141	21	132455	20
143	23	132455	20
144	24	132455	20
121	1	132455	50
122	2	132455	50
142	22	132455	50
146	2	112659	143
162	18	112659	8
148	4	112659	6
169	1	117737	20
170	2	117737	20
171	3	117737	20
172	4	117737	20
173	5	117737	20
174	6	117737	20
175	7	117737	20
176	8	117737	20
178	10	117737	20
179	11	117737	20
180	12	117737	20
181	13	117737	20
182	14	117737	20
183	15	117737	20
177	9	117737	50
167	23	112659	11
161	17	112659	11
159	15	112659	9
160	16	112659	11
168	24	112659	10
152	8	112659	9
149	5	112659	9
165	21	112659	11
156	12	112659	7
147	3	112659	10
163	19	112659	217
151	7	112659	10
154	10	112659	8
164	20	112659	6
150	6	112659	11
155	11	112659	6
166	22	112659	8
184	16	117737	20
185	17	117737	20
186	18	117737	20
188	20	117737	20
189	21	117737	20
190	22	117737	20
191	23	117737	20
192	24	117737	20
187	19	117737	50
193	1	473	20
195	3	473	20
196	4	473	20
197	5	473	20
198	6	473	20
199	7	473	20
200	8	473	20
202	10	473	20
203	11	473	20
204	12	473	20
205	13	473	20
206	14	473	20
207	15	473	20
208	16	473	20
209	17	473	20
210	18	473	20
211	19	473	20
212	20	473	20
213	21	473	20
214	22	473	20
215	23	473	20
216	24	473	20
194	2	473	50
201	9	473	50
235	19	79969	7
222	6	79969	91
241	1	117057	20
242	2	117057	20
243	3	117057	20
244	4	117057	20
245	5	117057	20
246	6	117057	20
247	7	117057	20
248	8	117057	20
250	10	117057	20
251	11	117057	20
252	12	117057	20
253	13	117057	20
254	14	117057	20
255	15	117057	20
256	16	117057	20
257	17	117057	20
258	18	117057	20
259	19	117057	20
260	20	117057	20
261	21	117057	20
262	22	117057	20
263	23	117057	20
264	24	117057	20
249	9	117057	50
265	1	132844	20
267	3	132844	20
268	4	132844	20
269	5	132844	20
270	6	132844	20
271	7	132844	20
272	8	132844	20
273	9	132844	20
274	10	132844	20
275	11	132844	20
276	12	132844	20
277	13	132844	20
278	14	132844	20
279	15	132844	20
280	16	132844	20
281	17	132844	20
282	18	132844	20
284	20	132844	20
285	21	132844	20
286	22	132844	20
287	23	132844	20
288	24	132844	20
266	2	132844	50
283	19	132844	50
290	2	132306	20
291	3	132306	20
292	4	132306	20
293	5	132306	20
294	6	132306	20
296	8	132306	20
298	10	132306	20
299	11	132306	20
300	12	132306	20
301	13	132306	20
302	14	132306	20
303	15	132306	20
304	16	132306	20
305	17	132306	20
306	18	132306	20
307	19	132306	20
308	20	132306	20
309	21	132306	20
310	22	132306	20
311	23	132306	20
312	24	132306	20
289	1	132306	50
295	7	132306	50
297	9	132306	50
313	1	17874	20
314	2	17874	20
315	3	17874	20
316	4	17874	20
317	5	17874	20
318	6	17874	20
320	8	17874	20
321	9	17874	20
322	10	17874	20
323	11	17874	20
324	12	17874	20
325	13	17874	20
326	14	17874	20
327	15	17874	20
328	16	17874	20
329	17	17874	20
330	18	17874	20
331	19	17874	20
332	20	17874	20
333	21	17874	20
335	23	17874	20
336	24	17874	20
319	7	17874	50
334	22	17874	50
337	1	132946	20
338	2	132946	20
339	3	132946	20
340	4	132946	20
341	5	132946	20
342	6	132946	20
343	7	132946	20
344	8	132946	20
346	10	132946	20
347	11	132946	20
348	12	132946	20
349	13	132946	20
350	14	132946	20
351	15	132946	20
352	16	132946	20
353	17	132946	20
354	18	132946	20
355	19	132946	20
345	9	132946	50
227	11	79969	10
223	7	79969	198
232	16	79969	9
239	23	79969	10
228	12	79969	7
237	21	79969	12
220	4	79969	9
236	20	79969	10
224	8	79969	7
238	22	79969	7
229	13	79969	7
234	18	79969	7
240	24	79969	7
233	17	79969	8
230	14	79969	5
221	5	79969	7
231	15	79969	11
217	1	79969	6
219	3	79969	7
218	2	79969	3
226	10	79969	4
225	9	79969	19
357	21	132946	20
358	22	132946	20
359	23	132946	20
360	24	132946	20
356	20	132946	50
362	2	117033	20
363	3	117033	20
364	4	117033	20
365	5	117033	20
366	6	117033	20
367	7	117033	20
368	8	117033	20
369	9	117033	20
370	10	117033	20
371	11	117033	20
372	12	117033	20
373	13	117033	20
374	14	117033	20
375	15	117033	20
376	16	117033	20
377	17	117033	20
378	18	117033	20
380	20	117033	20
381	21	117033	20
382	22	117033	20
383	23	117033	20
384	24	117033	20
361	1	117033	50
379	19	117033	50
385	1	202	20
386	2	202	20
387	3	202	20
388	4	202	20
389	5	202	20
390	6	202	20
391	7	202	20
392	8	202	20
394	10	202	20
395	11	202	20
396	12	202	20
397	13	202	20
398	14	202	20
399	15	202	20
400	16	202	20
401	17	202	20
402	18	202	20
403	19	202	20
404	20	202	20
405	21	202	20
406	22	202	20
407	23	202	20
408	24	202	20
393	9	202	50
409	1	68711	20
410	2	68711	20
411	3	68711	20
412	4	68711	20
413	5	68711	20
415	7	68711	20
416	8	68711	20
418	10	68711	20
419	11	68711	20
420	12	68711	20
421	13	68711	20
422	14	68711	20
423	15	68711	20
425	17	68711	20
426	18	68711	20
427	19	68711	20
428	20	68711	20
429	21	68711	20
430	22	68711	20
431	23	68711	20
432	24	68711	20
414	6	68711	50
417	9	68711	50
424	16	68711	50
435	3	92124	20
436	4	92124	20
437	5	92124	20
438	6	92124	20
439	7	92124	20
440	8	92124	20
441	9	92124	20
442	10	92124	20
443	11	92124	20
444	12	92124	20
445	13	92124	20
446	14	92124	20
447	15	92124	20
448	16	92124	20
449	17	92124	20
450	18	92124	20
452	20	92124	20
453	21	92124	20
454	22	92124	20
455	23	92124	20
456	24	92124	20
433	1	92124	50
434	2	92124	50
451	19	92124	50
457	1	132524	20
458	2	132524	20
459	3	132524	20
461	5	132524	20
462	6	132524	20
463	7	132524	20
464	8	132524	20
466	10	132524	20
467	11	132524	20
468	12	132524	20
469	13	132524	20
470	14	132524	20
471	15	132524	20
472	16	132524	20
473	17	132524	20
474	18	132524	20
475	19	132524	20
476	20	132524	20
477	21	132524	20
478	22	132524	20
479	23	132524	20
480	24	132524	20
460	4	132524	50
465	9	132524	50
481	1	296	20
482	2	296	20
483	3	296	20
484	4	296	20
485	5	296	20
486	6	296	20
488	8	296	20
490	10	296	20
491	11	296	20
492	12	296	20
493	13	296	20
494	14	296	20
495	15	296	20
496	16	296	20
497	17	296	20
498	18	296	20
499	19	296	20
500	20	296	20
501	21	296	20
502	22	296	20
503	23	296	20
504	24	296	20
487	7	296	50
489	9	296	50
505	1	55117	20
507	3	55117	20
508	4	55117	20
509	5	55117	20
510	6	55117	20
511	7	55117	20
512	8	55117	20
513	9	55117	20
514	10	55117	20
515	11	55117	20
516	12	55117	20
517	13	55117	20
518	14	55117	20
519	15	55117	20
520	16	55117	20
521	17	55117	20
522	18	55117	20
524	20	55117	20
525	21	55117	20
506	2	55117	50
523	19	55117	50
526	22	55117	50
527	23	55117	20
528	24	55117	20
529	1	1854	20
530	2	1854	20
531	3	1854	20
532	4	1854	20
533	5	1854	20
534	6	1854	20
535	7	1854	20
536	8	1854	20
538	10	1854	20
539	11	1854	20
540	12	1854	20
541	13	1854	20
542	14	1854	20
543	15	1854	20
544	16	1854	20
545	17	1854	20
546	18	1854	20
547	19	1854	20
548	20	1854	20
549	21	1854	20
550	22	1854	20
551	23	1854	20
552	24	1854	20
537	9	1854	50
553	1	131162	20
554	2	131162	20
555	3	131162	20
556	4	131162	20
557	5	131162	20
558	6	131162	20
559	7	131162	20
560	8	131162	20
561	9	131162	20
562	10	131162	20
563	11	131162	20
564	12	131162	20
565	13	131162	20
566	14	131162	20
568	16	131162	20
569	17	131162	20
570	18	131162	20
571	19	131162	20
572	20	131162	20
573	21	131162	20
574	22	131162	20
575	23	131162	20
567	15	131162	50
576	24	131162	50
577	1	18919	20
578	2	18919	20
579	3	18919	20
580	4	18919	20
581	5	18919	20
582	6	18919	20
583	7	18919	20
584	8	18919	20
586	10	18919	20
587	11	18919	20
588	12	18919	20
589	13	18919	20
590	14	18919	20
591	15	18919	20
592	16	18919	20
593	17	18919	20
594	18	18919	20
595	19	18919	20
596	20	18919	20
597	21	18919	20
598	22	18919	20
599	23	18919	20
600	24	18919	20
585	9	18919	50
601	1	61261	20
602	2	61261	20
603	3	61261	20
604	4	61261	20
605	5	61261	20
606	6	61261	20
608	8	61261	20
610	10	61261	20
611	11	61261	20
612	12	61261	20
613	13	61261	20
614	14	61261	20
615	15	61261	20
616	16	61261	20
617	17	61261	20
618	18	61261	20
619	19	61261	20
620	20	61261	20
621	21	61261	20
623	23	61261	20
624	24	61261	20
607	7	61261	50
609	9	61261	50
622	22	61261	50
625	1	135610	20
626	2	135610	20
627	3	135610	20
628	4	135610	20
629	5	135610	20
630	6	135610	20
631	7	135610	20
632	8	135610	20
634	10	135610	20
635	11	135610	20
636	12	135610	20
637	13	135610	20
638	14	135610	20
639	15	135610	20
640	16	135610	20
641	17	135610	20
642	18	135610	20
643	19	135610	20
644	20	135610	20
645	21	135610	20
646	22	135610	20
647	23	135610	20
648	24	135610	20
633	9	135610	50
649	1	134894	20
650	2	134894	20
651	3	134894	20
652	4	134894	20
653	5	134894	20
654	6	134894	20
656	8	134894	20
658	10	134894	20
659	11	134894	20
660	12	134894	20
661	13	134894	20
662	14	134894	20
663	15	134894	20
664	16	134894	20
666	18	134894	20
667	19	134894	20
668	20	134894	20
669	21	134894	20
670	22	134894	20
671	23	134894	20
672	24	134894	20
655	7	134894	50
657	9	134894	50
665	17	134894	50
673	1	129804	20
674	2	129804	20
675	3	129804	20
676	4	129804	20
677	5	129804	20
678	6	129804	20
679	7	129804	20
680	8	129804	20
682	10	129804	20
683	11	129804	20
684	12	129804	20
685	13	129804	20
686	14	129804	20
687	15	129804	20
688	16	129804	20
689	17	129804	20
690	18	129804	20
692	20	129804	20
693	21	129804	20
695	23	129804	20
696	24	129804	20
681	9	129804	50
691	19	129804	50
694	22	129804	50
697	1	33542	20
698	2	33542	20
699	3	33542	20
700	4	33542	20
701	5	33542	20
702	6	33542	20
704	8	33542	20
705	9	33542	20
706	10	33542	20
707	11	33542	20
708	12	33542	20
709	13	33542	20
703	7	33542	50
710	14	33542	20
712	16	33542	20
713	17	33542	20
714	18	33542	20
715	19	33542	20
716	20	33542	20
717	21	33542	20
719	23	33542	20
720	24	33542	20
711	15	33542	50
718	22	33542	50
722	2	62222	20
723	3	62222	20
724	4	62222	20
725	5	62222	20
726	6	62222	20
728	8	62222	20
729	9	62222	20
730	10	62222	20
731	11	62222	20
732	12	62222	20
733	13	62222	20
734	14	62222	20
735	15	62222	20
736	16	62222	20
737	17	62222	20
738	18	62222	20
739	19	62222	20
740	20	62222	20
741	21	62222	20
742	22	62222	20
743	23	62222	20
744	24	62222	20
721	1	62222	50
727	7	62222	50
747	3	101745	20
748	4	101745	20
749	5	101745	20
750	6	101745	20
751	7	101745	20
752	8	101745	20
753	9	101745	20
754	10	101745	20
755	11	101745	20
756	12	101745	20
757	13	101745	20
758	14	101745	20
759	15	101745	20
760	16	101745	20
761	17	101745	20
762	18	101745	20
764	20	101745	20
765	21	101745	20
766	22	101745	20
767	23	101745	20
768	24	101745	20
745	1	101745	50
746	2	101745	50
763	19	101745	50
771	3	94765	20
772	4	94765	20
773	5	94765	20
775	7	94765	20
776	8	94765	20
777	9	94765	20
778	10	94765	20
779	11	94765	20
780	12	94765	20
781	13	94765	20
782	14	94765	20
783	15	94765	20
784	16	94765	20
785	17	94765	20
786	18	94765	20
787	19	94765	20
788	20	94765	20
789	21	94765	20
790	22	94765	20
791	23	94765	20
792	24	94765	20
769	1	94765	50
770	2	94765	50
774	6	94765	50
793	1	76622	20
795	3	76622	20
796	4	76622	20
797	5	76622	20
798	6	76622	20
799	7	76622	20
800	8	76622	20
801	9	76622	20
802	10	76622	20
803	11	76622	20
804	12	76622	20
805	13	76622	20
806	14	76622	20
807	15	76622	20
808	16	76622	20
810	18	76622	20
812	20	76622	20
813	21	76622	20
814	22	76622	20
815	23	76622	20
816	24	76622	20
811	19	76622	50
809	17	76622	50
794	2	76622	50
817	1	93689	20
818	2	93689	20
819	3	93689	20
820	4	93689	20
821	5	93689	20
822	6	93689	20
823	7	93689	20
824	8	93689	20
826	10	93689	20
827	11	93689	20
828	12	93689	20
829	13	93689	20
830	14	93689	20
831	15	93689	20
833	17	93689	20
834	18	93689	20
835	19	93689	20
836	20	93689	20
837	21	93689	20
838	22	93689	20
839	23	93689	20
840	24	93689	20
825	9	93689	50
832	16	93689	50
843	3	93669	20
844	4	93669	20
845	5	93669	20
846	6	93669	20
847	7	93669	20
848	8	93669	20
849	9	93669	20
850	10	93669	20
851	11	93669	20
852	12	93669	20
853	13	93669	20
854	14	93669	20
855	15	93669	20
856	16	93669	20
857	17	93669	20
858	18	93669	20
859	19	93669	20
860	20	93669	20
861	21	93669	20
863	23	93669	20
864	24	93669	20
841	1	93669	50
842	2	93669	50
862	22	93669	50
867	3	94073	20
868	4	94073	20
869	5	94073	20
870	6	94073	20
871	7	94073	20
872	8	94073	20
873	9	94073	20
874	10	94073	20
875	11	94073	20
876	12	94073	20
877	13	94073	20
878	14	94073	20
879	15	94073	20
880	16	94073	20
881	17	94073	20
882	18	94073	20
883	19	94073	20
884	20	94073	20
885	21	94073	20
886	22	94073	20
887	23	94073	20
888	24	94073	20
865	1	94073	50
866	2	94073	50
889	1	58645	20
890	2	58645	20
891	3	58645	20
892	4	58645	20
893	5	58645	20
894	6	58645	20
895	7	58645	20
896	8	58645	20
897	9	58645	20
898	10	58645	20
899	11	58645	20
900	12	58645	20
901	13	58645	20
902	14	58645	20
904	16	58645	20
906	18	58645	20
907	19	58645	20
908	20	58645	20
909	21	58645	20
910	22	58645	20
911	23	58645	20
912	24	58645	20
903	15	58645	50
905	17	58645	50
914	2	27883	20
915	3	27883	20
916	4	27883	20
917	5	27883	20
918	6	27883	20
919	7	27883	20
920	8	27883	20
921	9	27883	20
922	10	27883	20
923	11	27883	20
924	12	27883	20
925	13	27883	20
926	14	27883	20
927	15	27883	20
928	16	27883	20
929	17	27883	20
930	18	27883	20
931	19	27883	20
932	20	27883	20
933	21	27883	20
935	23	27883	20
936	24	27883	20
913	1	27883	50
934	22	27883	50
938	2	129839	20
939	3	129839	20
940	4	129839	20
941	5	129839	20
943	7	129839	20
944	8	129839	20
945	9	129839	20
946	10	129839	20
947	11	129839	20
948	12	129839	20
949	13	129839	20
950	14	129839	20
951	15	129839	20
952	16	129839	20
953	17	129839	20
954	18	129839	20
955	19	129839	20
956	20	129839	20
957	21	129839	20
958	22	129839	20
959	23	129839	20
960	24	129839	20
937	1	129839	50
942	6	129839	50
963	3	1213	20
964	4	1213	20
965	5	1213	20
966	6	1213	20
967	7	1213	20
968	8	1213	20
969	9	1213	20
970	10	1213	20
972	12	1213	20
973	13	1213	20
974	14	1213	20
975	15	1213	20
976	16	1213	20
977	17	1213	20
978	18	1213	20
979	19	1213	20
980	20	1213	20
981	21	1213	20
982	22	1213	20
983	23	1213	20
984	24	1213	20
961	1	1213	50
962	2	1213	50
971	11	1213	50
985	1	220	20
986	2	220	20
987	3	220	20
988	4	220	20
989	5	220	20
990	6	220	20
991	7	220	20
992	8	220	20
993	9	220	20
994	10	220	20
995	11	220	20
996	12	220	20
997	13	220	20
998	14	220	20
1000	16	220	20
1002	18	220	20
1004	20	220	20
1005	21	220	20
1006	22	220	20
1007	23	220	20
1008	24	220	20
999	15	220	50
1001	17	220	50
1003	19	220	50
1009	1	2356	20
1010	2	2356	20
1011	3	2356	20
1012	4	2356	20
1013	5	2356	20
1015	7	2356	20
1016	8	2356	20
1017	9	2356	20
1018	10	2356	20
1020	12	2356	20
1021	13	2356	20
1022	14	2356	20
1023	15	2356	20
1024	16	2356	20
1025	17	2356	20
1026	18	2356	20
1027	19	2356	20
1028	20	2356	20
1029	21	2356	20
1030	22	2356	20
1031	23	2356	20
1032	24	2356	20
1014	6	2356	50
1019	11	2356	50
1033	1	93716	20
1034	2	93716	20
1035	3	93716	20
1036	4	93716	20
1037	5	93716	20
1039	7	93716	20
1040	8	93716	20
1042	10	93716	20
1043	11	93716	20
1044	12	93716	20
1045	13	93716	20
1046	14	93716	20
1048	16	93716	20
1049	17	93716	20
1050	18	93716	20
1051	19	93716	20
1052	20	93716	20
1053	21	93716	20
1054	22	93716	20
1055	23	93716	20
1056	24	93716	20
1038	6	93716	50
1041	9	93716	50
1047	15	93716	50
1058	2	50242	20
1059	3	50242	20
1060	4	50242	20
1061	5	50242	20
1062	6	50242	20
1064	8	50242	20
1065	9	50242	20
1066	10	50242	20
1067	11	50242	20
1068	12	50242	20
1069	13	50242	20
1070	14	50242	20
1071	15	50242	20
1072	16	50242	20
1073	17	50242	20
1074	18	50242	20
1057	1	50242	50
1063	7	50242	50
1075	19	50242	20
1076	20	50242	20
1077	21	50242	20
1079	23	50242	20
1080	24	50242	20
1078	22	50242	50
1081	1	61765	20
1082	2	61765	20
1083	3	61765	20
1084	4	61765	20
1085	5	61765	20
1087	7	61765	20
1088	8	61765	20
1089	9	61765	20
1090	10	61765	20
1091	11	61765	20
1092	12	61765	20
1093	13	61765	20
1094	14	61765	20
1095	15	61765	20
1097	17	61765	20
1098	18	61765	20
1099	19	61765	20
1100	20	61765	20
1101	21	61765	20
1102	22	61765	20
1103	23	61765	20
1104	24	61765	20
1086	6	61765	50
1096	16	61765	50
1106	2	72152	20
1107	3	72152	20
1108	4	72152	20
1109	5	72152	20
1110	6	72152	20
1111	7	72152	20
1112	8	72152	20
1114	10	72152	20
1115	11	72152	20
1116	12	72152	20
1117	13	72152	20
1118	14	72152	20
1119	15	72152	20
1120	16	72152	20
1121	17	72152	20
1122	18	72152	20
1123	19	72152	20
1124	20	72152	20
1125	21	72152	20
1126	22	72152	20
1127	23	72152	20
1128	24	72152	20
1105	1	72152	50
1113	9	72152	50
1129	1	133154	20
1130	2	133154	20
1131	3	133154	20
1132	4	133154	20
1133	5	133154	20
1135	7	133154	20
1136	8	133154	20
1137	9	133154	20
1138	10	133154	20
1139	11	133154	20
1140	12	133154	20
1141	13	133154	20
1142	14	133154	20
1144	16	133154	20
1145	17	133154	20
1146	18	133154	20
1147	19	133154	20
1148	20	133154	20
1149	21	133154	20
1150	22	133154	20
1151	23	133154	20
1152	24	133154	20
1134	6	133154	50
1143	15	133154	50
1153	1	134697	20
1154	2	134697	20
1155	3	134697	20
1156	4	134697	20
1157	5	134697	20
1158	6	134697	20
1159	7	134697	20
1160	8	134697	20
1162	10	134697	20
1163	11	134697	20
1164	12	134697	20
1165	13	134697	20
1166	14	134697	20
1167	15	134697	20
1168	16	134697	20
1169	17	134697	20
1170	18	134697	20
1171	19	134697	20
1172	20	134697	20
1173	21	134697	20
1174	22	134697	20
1176	24	134697	20
1161	9	134697	50
1175	23	134697	50
1177	1	47801	20
1178	2	47801	20
1179	3	47801	20
1180	4	47801	20
1181	5	47801	20
1183	7	47801	20
1184	8	47801	20
1185	9	47801	20
1186	10	47801	20
1187	11	47801	20
1188	12	47801	20
1189	13	47801	20
1190	14	47801	20
1191	15	47801	20
1192	16	47801	20
1193	17	47801	20
1194	18	47801	20
1195	19	47801	20
1196	20	47801	20
1197	21	47801	20
1198	22	47801	20
1199	23	47801	20
1200	24	47801	20
1182	6	47801	50
1201	1	62801	20
1202	2	62801	20
1203	3	62801	20
1204	4	62801	20
1205	5	62801	20
1208	8	62801	20
1210	10	62801	20
1211	11	62801	20
1212	12	62801	20
1213	13	62801	20
1214	14	62801	20
1215	15	62801	20
1216	16	62801	20
1217	17	62801	20
1218	18	62801	20
1219	19	62801	20
1220	20	62801	20
1221	21	62801	20
1222	22	62801	20
1223	23	62801	20
1224	24	62801	20
1206	6	62801	50
1207	7	62801	50
1209	9	62801	50
1225	1	61397	20
1226	2	61397	20
1227	3	61397	20
1228	4	61397	20
1229	5	61397	20
1230	6	61397	20
1231	7	61397	20
1232	8	61397	20
1233	9	61397	20
1234	10	61397	20
1235	11	61397	20
1236	12	61397	20
1237	13	61397	20
1238	14	61397	20
1240	16	61397	20
1241	17	61397	20
1242	18	61397	20
1244	20	61397	20
1245	21	61397	20
1239	15	61397	50
1243	19	61397	50
1246	22	61397	50
1247	23	61397	20
1248	24	61397	20
1250	2	132550	20
1251	3	132550	20
1252	4	132550	20
1253	5	132550	20
1254	6	132550	20
1255	7	132550	20
1256	8	132550	20
1257	9	132550	20
1258	10	132550	20
1259	11	132550	20
1260	12	132550	20
1261	13	132550	20
1262	14	132550	20
1263	15	132550	20
1264	16	132550	20
1265	17	132550	20
1266	18	132550	20
1267	19	132550	20
1268	20	132550	20
1269	21	132550	20
1271	23	132550	20
1272	24	132550	20
1249	1	132550	50
1270	22	132550	50
1273	1	136328	20
1274	2	136328	20
1275	3	136328	20
1276	4	136328	20
1277	5	136328	20
1278	6	136328	20
1279	7	136328	20
1280	8	136328	20
1282	10	136328	20
1283	11	136328	20
1284	12	136328	20
1285	13	136328	20
1286	14	136328	20
1287	15	136328	20
1288	16	136328	20
1289	17	136328	20
1290	18	136328	20
1291	19	136328	20
1292	20	136328	20
1293	21	136328	20
1295	23	136328	20
1296	24	136328	20
1281	9	136328	50
1294	22	136328	50
1297	1	160	20
1298	2	160	20
1299	3	160	20
1300	4	160	20
1301	5	160	20
1302	6	160	20
1303	7	160	20
1304	8	160	20
1305	9	160	20
1306	10	160	20
1307	11	160	20
1308	12	160	20
1309	13	160	20
1310	14	160	20
1312	16	160	20
1313	17	160	20
1314	18	160	20
1315	19	160	20
1316	20	160	20
1317	21	160	20
1318	22	160	20
1319	23	160	20
1320	24	160	20
1311	15	160	50
1321	1	128978	20
1322	2	128978	20
1323	3	128978	20
1324	4	128978	20
1325	5	128978	20
1326	6	128978	20
1327	7	128978	20
1328	8	128978	20
1330	10	128978	20
1331	11	128978	20
1332	12	128978	20
1333	13	128978	20
1334	14	128978	20
1335	15	128978	20
1336	16	128978	20
1338	18	128978	20
1339	19	128978	20
1340	20	128978	20
1341	21	128978	20
1343	23	128978	20
1344	24	128978	20
1329	9	128978	50
1337	17	128978	50
1342	22	128978	50
1345	1	92410	20
1346	2	92410	20
1347	3	92410	20
1348	4	92410	20
1349	5	92410	20
1350	6	92410	20
1351	7	92410	20
1352	8	92410	20
1354	10	92410	20
1355	11	92410	20
1356	12	92410	20
1357	13	92410	20
1358	14	92410	20
1359	15	92410	20
1360	16	92410	20
1361	17	92410	20
1362	18	92410	20
1364	20	92410	20
1365	21	92410	20
1367	23	92410	20
1368	24	92410	20
1353	9	92410	50
1363	19	92410	50
1366	22	92410	50
1369	1	135153	20
1371	3	135153	20
1372	4	135153	20
1373	5	135153	20
1374	6	135153	20
1375	7	135153	20
1376	8	135153	20
1378	10	135153	20
1379	11	135153	20
1380	12	135153	20
1381	13	135153	20
1382	14	135153	20
1383	15	135153	20
1384	16	135153	20
1385	17	135153	20
1386	18	135153	20
1387	19	135153	20
1388	20	135153	20
1389	21	135153	20
1390	22	135153	20
1391	23	135153	20
1392	24	135153	20
1370	2	135153	50
1377	9	135153	50
1393	1	37303	20
1394	2	37303	20
1395	3	37303	20
1396	4	37303	20
1397	5	37303	20
1399	7	37303	20
1400	8	37303	20
1402	10	37303	20
1403	11	37303	20
1404	12	37303	20
1405	13	37303	20
1406	14	37303	20
1407	15	37303	20
1408	16	37303	20
1409	17	37303	20
1410	18	37303	20
1411	19	37303	20
1412	20	37303	20
1413	21	37303	20
1414	22	37303	20
1415	23	37303	20
1416	24	37303	20
1398	6	37303	50
1401	9	37303	50
1417	1	119202	20
1418	2	119202	20
1419	3	119202	20
1421	5	119202	20
1422	6	119202	20
1423	7	119202	20
1424	8	119202	20
1426	10	119202	20
1427	11	119202	20
1428	12	119202	20
1429	13	119202	20
1420	4	119202	50
1425	9	119202	50
1430	14	119202	20
1431	15	119202	20
1433	17	119202	20
1434	18	119202	20
1435	19	119202	20
1436	20	119202	20
1437	21	119202	20
1438	22	119202	20
1439	23	119202	20
1440	24	119202	20
1432	16	119202	50
1441	1	24484	20
1442	2	24484	20
1443	3	24484	20
1444	4	24484	20
1445	5	24484	20
1446	6	24484	20
1448	8	24484	20
1450	10	24484	20
1451	11	24484	20
1452	12	24484	20
1453	13	24484	20
1454	14	24484	20
1455	15	24484	20
1456	16	24484	20
1457	17	24484	20
1458	18	24484	20
1459	19	24484	20
1460	20	24484	20
1461	21	24484	20
1462	22	24484	20
1463	23	24484	20
1464	24	24484	20
1447	7	24484	50
1449	9	24484	50
1465	1	7197	20
1466	2	7197	20
1467	3	7197	20
1468	4	7197	20
1469	5	7197	20
1470	6	7197	20
1471	7	7197	20
1472	8	7197	20
1474	10	7197	20
1475	11	7197	20
1476	12	7197	20
1477	13	7197	20
1478	14	7197	20
1479	15	7197	20
1480	16	7197	20
1481	17	7197	20
1482	18	7197	20
1484	20	7197	20
1485	21	7197	20
1486	22	7197	20
1487	23	7197	20
1488	24	7197	20
1473	9	7197	50
1483	19	7197	50
1490	2	133033	20
1491	3	133033	20
1492	4	133033	20
1493	5	133033	20
1494	6	133033	20
1496	8	133033	20
1497	9	133033	20
1498	10	133033	20
1499	11	133033	20
1500	12	133033	20
1501	13	133033	20
1502	14	133033	20
1503	15	133033	20
1504	16	133033	20
1505	17	133033	20
1506	18	133033	20
1507	19	133033	20
1508	20	133033	20
1509	21	133033	20
1511	23	133033	20
1512	24	133033	20
1489	1	133033	50
1495	7	133033	50
1510	22	133033	50
1513	1	135576	20
1514	2	135576	20
1515	3	135576	20
1516	4	135576	20
1517	5	135576	20
1518	6	135576	20
1519	7	135576	20
1520	8	135576	20
1522	10	135576	20
1523	11	135576	20
1524	12	135576	20
1525	13	135576	20
1526	14	135576	20
1527	15	135576	20
1528	16	135576	20
1529	17	135576	20
1530	18	135576	20
1531	19	135576	20
1532	20	135576	20
1533	21	135576	20
1535	23	135576	20
1536	24	135576	20
1521	9	135576	50
1534	22	135576	50
1537	1	114301	20
1538	2	114301	20
1539	3	114301	20
1540	4	114301	20
1541	5	114301	20
1544	8	114301	20
1545	9	114301	20
1546	10	114301	20
1547	11	114301	20
1548	12	114301	20
1549	13	114301	20
1550	14	114301	20
1552	16	114301	20
1553	17	114301	20
1554	18	114301	20
1555	19	114301	20
1556	20	114301	20
1557	21	114301	20
1558	22	114301	20
1559	23	114301	20
1560	24	114301	20
1542	6	114301	50
1543	7	114301	50
1551	15	114301	50
1562	2	69335	20
1563	3	69335	20
1565	5	69335	20
1566	6	69335	20
1568	8	69335	20
1569	9	69335	20
1570	10	69335	20
1571	11	69335	20
1572	12	69335	20
1573	13	69335	20
1574	14	69335	20
1575	15	69335	20
1576	16	69335	20
1577	17	69335	20
1578	18	69335	20
1579	19	69335	20
1580	20	69335	20
1581	21	69335	20
1582	22	69335	20
1583	23	69335	20
1584	24	69335	20
1561	1	69335	50
1564	4	69335	50
1567	7	69335	50
1585	1	73217	20
1586	2	73217	20
1587	3	73217	20
1588	4	73217	20
1589	5	73217	20
1590	6	73217	20
1592	8	73217	20
1594	10	73217	20
1595	11	73217	20
1596	12	73217	20
1597	13	73217	20
1598	14	73217	20
1599	15	73217	20
1600	16	73217	20
1601	17	73217	20
1602	18	73217	20
1603	19	73217	20
1604	20	73217	20
1605	21	73217	20
1607	23	73217	20
1608	24	73217	20
1591	7	73217	50
1593	9	73217	50
1606	22	73217	50
1609	1	1802	20
1611	3	1802	20
1612	4	1802	20
1613	5	1802	20
1615	7	1802	20
1616	8	1802	20
1617	9	1802	20
1619	11	1802	20
1620	12	1802	20
1621	13	1802	20
1622	14	1802	20
1623	15	1802	20
1624	16	1802	20
1625	17	1802	20
1626	18	1802	20
1627	19	1802	20
1628	20	1802	20
1629	21	1802	20
1630	22	1802	20
1631	23	1802	20
1632	24	1802	20
1614	6	1802	50
1610	2	1802	50
1618	10	1802	50
1633	1	3891	20
1634	2	3891	20
1635	3	3891	20
1636	4	3891	20
1637	5	3891	20
1639	7	3891	20
1640	8	3891	20
1642	10	3891	20
1643	11	3891	20
1644	12	3891	20
1645	13	3891	20
1646	14	3891	20
1647	15	3891	20
1648	16	3891	20
1649	17	3891	20
1650	18	3891	20
1651	19	3891	20
1652	20	3891	20
1653	21	3891	20
1654	22	3891	20
1655	23	3891	20
1656	24	3891	20
1638	6	3891	50
1641	9	3891	50
1657	1	90353	20
1658	2	90353	20
1659	3	90353	20
1660	4	90353	20
1661	5	90353	20
1662	6	90353	20
1664	8	90353	20
1666	10	90353	20
1667	11	90353	20
1668	12	90353	20
1669	13	90353	20
1670	14	90353	20
1671	15	90353	20
1672	16	90353	20
1673	17	90353	20
1674	18	90353	20
1675	19	90353	20
1676	20	90353	20
1677	21	90353	20
1679	23	90353	20
1680	24	90353	20
1663	7	90353	50
1665	9	90353	50
1678	22	90353	50
1681	1	540	20
1682	2	540	20
1683	3	540	20
1684	4	540	20
1685	5	540	20
1686	6	540	20
1687	7	540	20
1688	8	540	20
1690	10	540	20
1691	11	540	20
1692	12	540	20
1693	13	540	20
1694	14	540	20
1696	16	540	20
1698	18	540	20
1699	19	540	20
1700	20	540	20
1701	21	540	20
1702	22	540	20
1703	23	540	20
1704	24	540	20
1689	9	540	50
1695	15	540	50
1697	17	540	50
1705	1	113380	20
1706	2	113380	20
1707	3	113380	20
1708	4	113380	20
1709	5	113380	20
1710	6	113380	20
1711	7	113380	20
1712	8	113380	20
1713	9	113380	20
1714	10	113380	20
1715	11	113380	20
1716	12	113380	20
1717	13	113380	20
1718	14	113380	20
1719	15	113380	20
1720	16	113380	20
1721	17	113380	20
1722	18	113380	20
1724	20	113380	20
1725	21	113380	20
1727	23	113380	20
1728	24	113380	20
1723	19	113380	50
1726	22	113380	50
1731	3	117436	20
1732	4	117436	20
1733	5	117436	20
1735	7	117436	20
1736	8	117436	20
1737	9	117436	20
1738	10	117436	20
1739	11	117436	20
1740	12	117436	20
1741	13	117436	20
1742	14	117436	20
1743	15	117436	20
1744	16	117436	20
1745	17	117436	20
1746	18	117436	20
1747	19	117436	20
1748	20	117436	20
1749	21	117436	20
1750	22	117436	20
1751	23	117436	20
1752	24	117436	20
1729	1	117436	50
1730	2	117436	50
1734	6	117436	50
1753	1	54459	20
1754	2	54459	20
1755	3	54459	20
1756	4	54459	20
1757	5	54459	20
1759	7	54459	20
1760	8	54459	20
1761	9	54459	20
1762	10	54459	20
1763	11	54459	20
1764	12	54459	20
1765	13	54459	20
1766	14	54459	20
1768	16	54459	20
1769	17	54459	20
1770	18	54459	20
1771	19	54459	20
1772	20	54459	20
1773	21	54459	20
1774	22	54459	20
1775	23	54459	20
1776	24	54459	20
1758	6	54459	50
1767	15	54459	50
1777	1	1923	20
1778	2	1923	20
1779	3	1923	20
1780	4	1923	20
1781	5	1923	20
1783	7	1923	20
1784	8	1923	20
1785	9	1923	20
1786	10	1923	20
1787	11	1923	20
1788	12	1923	20
1789	13	1923	20
1790	14	1923	20
1791	15	1923	20
1792	16	1923	20
1793	17	1923	20
1794	18	1923	20
1782	6	1923	50
1795	19	1923	20
1797	21	1923	20
1798	22	1923	20
1799	23	1923	20
1800	24	1923	20
1796	20	1923	50
1801	1	77158	20
1802	2	77158	20
1803	3	77158	20
1804	4	77158	20
1805	5	77158	20
1806	6	77158	20
1807	7	77158	20
1808	8	77158	20
1810	10	77158	20
1812	12	77158	20
1813	13	77158	20
1814	14	77158	20
1816	16	77158	20
1817	17	77158	20
1818	18	77158	20
1819	19	77158	20
1820	20	77158	20
1821	21	77158	20
1822	22	77158	20
1823	23	77158	20
1824	24	77158	20
1809	9	77158	50
1811	11	77158	50
1815	15	77158	50
1825	1	80799	20
1826	2	80799	20
1827	3	80799	20
1829	5	80799	20
1830	6	80799	20
1832	8	80799	20
1834	10	80799	20
1835	11	80799	20
1836	12	80799	20
1837	13	80799	20
1838	14	80799	20
1839	15	80799	20
1840	16	80799	20
1841	17	80799	20
1842	18	80799	20
1843	19	80799	20
1844	20	80799	20
1845	21	80799	20
1846	22	80799	20
1847	23	80799	20
1848	24	80799	20
1828	4	80799	50
1831	7	80799	50
1833	9	80799	50
1849	1	13999	20
1850	2	13999	20
1851	3	13999	20
1852	4	13999	20
1853	5	13999	20
1854	6	13999	20
1855	7	13999	20
1856	8	13999	20
1857	9	13999	20
1858	10	13999	20
1859	11	13999	20
1860	12	13999	20
1861	13	13999	20
1862	14	13999	20
1864	16	13999	20
1866	18	13999	20
1867	19	13999	20
1868	20	13999	20
1869	21	13999	20
1870	22	13999	20
1871	23	13999	20
1872	24	13999	20
1863	15	13999	50
1865	17	13999	50
1875	3	650	20
1876	4	650	20
1877	5	650	20
1878	6	650	20
1879	7	650	20
1880	8	650	20
1882	10	650	20
1883	11	650	20
1884	12	650	20
1885	13	650	20
1886	14	650	20
1887	15	650	20
1888	16	650	20
1889	17	650	20
1890	18	650	20
1891	19	650	20
1892	20	650	20
1893	21	650	20
1894	22	650	20
1895	23	650	20
1896	24	650	20
1873	1	650	50
1874	2	650	50
1881	9	650	50
1899	3	15824	20
1900	4	15824	20
1901	5	15824	20
1903	7	15824	20
1904	8	15824	20
1905	9	15824	20
1906	10	15824	20
1907	11	15824	20
1908	12	15824	20
1909	13	15824	20
1910	14	15824	20
1911	15	15824	20
1912	16	15824	20
1913	17	15824	20
1914	18	15824	20
1915	19	15824	20
1916	20	15824	20
1917	21	15824	20
1918	22	15824	20
1919	23	15824	20
1920	24	15824	20
1897	1	15824	50
1898	2	15824	50
1902	6	15824	50
1921	1	14235	20
1922	2	14235	20
1923	3	14235	20
1924	4	14235	20
1925	5	14235	20
1928	8	14235	20
1929	9	14235	20
1930	10	14235	20
1931	11	14235	20
1932	12	14235	20
1933	13	14235	20
1934	14	14235	20
1935	15	14235	20
1937	17	14235	20
1938	18	14235	20
1939	19	14235	20
1940	20	14235	20
1941	21	14235	20
1942	22	14235	20
1943	23	14235	20
1944	24	14235	20
1926	6	14235	50
1927	7	14235	50
1936	16	14235	50
1945	1	135531	20
1946	2	135531	20
1947	3	135531	20
1949	5	135531	20
1950	6	135531	20
1951	7	135531	20
1952	8	135531	20
1954	10	135531	20
1955	11	135531	20
1956	12	135531	20
1957	13	135531	20
1958	14	135531	20
1959	15	135531	20
1960	16	135531	20
1961	17	135531	20
1962	18	135531	20
1963	19	135531	20
1965	21	135531	20
1966	22	135531	20
1967	23	135531	20
1968	24	135531	20
1948	4	135531	50
1953	9	135531	50
1964	20	135531	50
1969	1	42872	20
1970	2	42872	20
1971	3	42872	20
1972	4	42872	20
1973	5	42872	20
1974	6	42872	20
1975	7	42872	20
1976	8	42872	20
1978	10	42872	20
1979	11	42872	20
1980	12	42872	20
1981	13	42872	20
1982	14	42872	20
1983	15	42872	20
1984	16	42872	20
1985	17	42872	20
1986	18	42872	20
1987	19	42872	20
1988	20	42872	20
1989	21	42872	20
1990	22	42872	20
1991	23	42872	20
1992	24	42872	20
1977	9	42872	50
1993	1	91997	20
1996	4	91997	20
1997	5	91997	20
1998	6	91997	20
1999	7	91997	20
2000	8	91997	20
2002	10	91997	20
2003	11	91997	20
2004	12	91997	20
2005	13	91997	20
2006	14	91997	20
2007	15	91997	20
2008	16	91997	20
2009	17	91997	20
2010	18	91997	20
2011	19	91997	20
2012	20	91997	20
2013	21	91997	20
2014	22	91997	20
2015	23	91997	20
2016	24	91997	20
1995	3	91997	50
1994	2	91997	50
2001	9	91997	50
2019	3	477	20
2020	4	477	20
2021	5	477	20
2022	6	477	20
2023	7	477	20
2024	8	477	20
2025	9	477	20
2026	10	477	20
2027	11	477	20
2028	12	477	20
2029	13	477	20
2030	14	477	20
2031	15	477	20
2032	16	477	20
2033	17	477	20
2034	18	477	20
2035	19	477	20
2036	20	477	20
2037	21	477	20
2039	23	477	20
2040	24	477	20
2017	1	477	50
2018	2	477	50
2038	22	477	50
2041	1	59838	20
2043	3	59838	20
2044	4	59838	20
2045	5	59838	20
2046	6	59838	20
2047	7	59838	20
2048	8	59838	20
2050	10	59838	20
2051	11	59838	20
2052	12	59838	20
2053	13	59838	20
2054	14	59838	20
2055	15	59838	20
2056	16	59838	20
2057	17	59838	20
2058	18	59838	20
2059	19	59838	20
2060	20	59838	20
2061	21	59838	20
2062	22	59838	20
2063	23	59838	20
2064	24	59838	20
2042	2	59838	50
2049	9	59838	50
2065	1	93587	20
2066	2	93587	20
2067	3	93587	20
2068	4	93587	20
2069	5	93587	20
2070	6	93587	20
2072	8	93587	20
2074	10	93587	20
2075	11	93587	20
2076	12	93587	20
2077	13	93587	20
2078	14	93587	20
2079	15	93587	20
2080	16	93587	20
2081	17	93587	20
2082	18	93587	20
2083	19	93587	20
2084	20	93587	20
2085	21	93587	20
2087	23	93587	20
2088	24	93587	20
2071	7	93587	50
2073	9	93587	50
2086	22	93587	50
2089	1	5108	20
2090	2	5108	20
2091	3	5108	20
2092	4	5108	20
2093	5	5108	20
2095	7	5108	20
2096	8	5108	20
2097	9	5108	20
2098	10	5108	20
2099	11	5108	20
2100	12	5108	20
2101	13	5108	20
2102	14	5108	20
2104	16	5108	20
2105	17	5108	20
2106	18	5108	20
2107	19	5108	20
2108	20	5108	20
2109	21	5108	20
2110	22	5108	20
2111	23	5108	20
2112	24	5108	20
2094	6	5108	50
2103	15	5108	50
2114	2	117056	20
2115	3	117056	20
2116	4	117056	20
2117	5	117056	20
2120	8	117056	20
2121	9	117056	20
2122	10	117056	20
2123	11	117056	20
2124	12	117056	20
2125	13	117056	20
2126	14	117056	20
2127	15	117056	20
2128	16	117056	20
2129	17	117056	20
2130	18	117056	20
2131	19	117056	20
2132	20	117056	20
2133	21	117056	20
2134	22	117056	20
2135	23	117056	20
2136	24	117056	20
2113	1	117056	50
2118	6	117056	50
2119	7	117056	50
2137	1	129062	20
2138	2	129062	20
2139	3	129062	20
2140	4	129062	20
2141	5	129062	20
2142	6	129062	20
2143	7	129062	20
2144	8	129062	20
2145	9	129062	20
2146	10	129062	20
2147	11	129062	20
2148	12	129062	20
2149	13	129062	20
2150	14	129062	20
2152	16	129062	20
2153	17	129062	20
2154	18	129062	20
2155	19	129062	20
2156	20	129062	20
2157	21	129062	20
2151	15	129062	50
2159	23	129062	20
2160	24	129062	20
2158	22	129062	50
2161	1	136416	20
2162	2	136416	20
2163	3	136416	20
2164	4	136416	20
2165	5	136416	20
2166	6	136416	20
2167	7	136416	20
2168	8	136416	20
2170	10	136416	20
2171	11	136416	20
2172	12	136416	20
2173	13	136416	20
2174	14	136416	20
2175	15	136416	20
2176	16	136416	20
2177	17	136416	20
2178	18	136416	20
2179	19	136416	20
2180	20	136416	20
2181	21	136416	20
2182	22	136416	20
2183	23	136416	20
2184	24	136416	20
2169	9	136416	50
2185	1	92362	20
2186	2	92362	20
2187	3	92362	20
2188	4	92362	20
2189	5	92362	20
2191	7	92362	20
2192	8	92362	20
2193	9	92362	20
2194	10	92362	20
2195	11	92362	20
2196	12	92362	20
2197	13	92362	20
2198	14	92362	20
2199	15	92362	20
2200	16	92362	20
2201	17	92362	20
2202	18	92362	20
2203	19	92362	20
2204	20	92362	20
2205	21	92362	20
2206	22	92362	20
2207	23	92362	20
2208	24	92362	20
2190	6	92362	50
2209	1	93061	20
2210	2	93061	20
2211	3	93061	20
2212	4	93061	20
2213	5	93061	20
2214	6	93061	20
2215	7	93061	20
2216	8	93061	20
2217	9	93061	20
2218	10	93061	20
2219	11	93061	20
2220	12	93061	20
2221	13	93061	20
2222	14	93061	20
2223	15	93061	20
2224	16	93061	20
2225	17	93061	20
2226	18	93061	20
2228	20	93061	20
2229	21	93061	20
2231	23	93061	20
2232	24	93061	20
2227	19	93061	50
2230	22	93061	50
2233	1	12535	20
2234	2	12535	20
2235	3	12535	20
2236	4	12535	20
2237	5	12535	20
2238	6	12535	20
2239	7	12535	20
2240	8	12535	20
2241	9	12535	20
2242	10	12535	20
2243	11	12535	20
2244	12	12535	20
2245	13	12535	20
2246	14	12535	20
2247	15	12535	20
2248	16	12535	20
2249	17	12535	20
2250	18	12535	20
2251	19	12535	20
2252	20	12535	20
2253	21	12535	20
2255	23	12535	20
2256	24	12535	20
2254	22	12535	50
2257	1	132161	20
2258	2	132161	20
2259	3	132161	20
2260	4	132161	20
2261	5	132161	20
2263	7	132161	20
2264	8	132161	20
2266	10	132161	20
2267	11	132161	20
2268	12	132161	20
2269	13	132161	20
2270	14	132161	20
2271	15	132161	20
2272	16	132161	20
2273	17	132161	20
2274	18	132161	20
2275	19	132161	20
2276	20	132161	20
2277	21	132161	20
2278	22	132161	20
2279	23	132161	20
2280	24	132161	20
2262	6	132161	50
2265	9	132161	50
2281	1	38376	20
2282	2	38376	20
2283	3	38376	20
2284	4	38376	20
2285	5	38376	20
2286	6	38376	20
2287	7	38376	20
2288	8	38376	20
2290	10	38376	20
2291	11	38376	20
2292	12	38376	20
2293	13	38376	20
2294	14	38376	20
2295	15	38376	20
2296	16	38376	20
2298	18	38376	20
2299	19	38376	20
2300	20	38376	20
2301	21	38376	20
2303	23	38376	20
2304	24	38376	20
2289	9	38376	50
2297	17	38376	50
2302	22	38376	50
2306	2	89698	20
2307	3	89698	20
2308	4	89698	20
2309	5	89698	20
2310	6	89698	20
2312	8	89698	20
2314	10	89698	20
2315	11	89698	20
2316	12	89698	20
2317	13	89698	20
2318	14	89698	20
2319	15	89698	20
2320	16	89698	20
2321	17	89698	20
2322	18	89698	20
2323	19	89698	20
2324	20	89698	20
2325	21	89698	20
2326	22	89698	20
2327	23	89698	20
2328	24	89698	20
2305	1	89698	50
2311	7	89698	50
2313	9	89698	50
2331	3	13380	20
2332	4	13380	20
2333	5	13380	20
2334	6	13380	20
2335	7	13380	20
2336	8	13380	20
2338	10	13380	20
2339	11	13380	20
2340	12	13380	20
2329	1	13380	50
2330	2	13380	50
2337	9	13380	50
2341	13	13380	20
2342	14	13380	20
2343	15	13380	20
2344	16	13380	20
2345	17	13380	20
2346	18	13380	20
2347	19	13380	20
2348	20	13380	20
2349	21	13380	20
2350	22	13380	20
2351	23	13380	20
2352	24	13380	20
2354	2	63223	20
2355	3	63223	20
2356	4	63223	20
2357	5	63223	20
2358	6	63223	20
2360	8	63223	20
2361	9	63223	20
2362	10	63223	20
2363	11	63223	20
2364	12	63223	20
2365	13	63223	20
2366	14	63223	20
2367	15	63223	20
2368	16	63223	20
2369	17	63223	20
2370	18	63223	20
2371	19	63223	20
2372	20	63223	20
2373	21	63223	20
2375	23	63223	20
2376	24	63223	20
2353	1	63223	50
2359	7	63223	50
2374	22	63223	50
2377	1	76611	20
2378	2	76611	20
2379	3	76611	20
2380	4	76611	20
2381	5	76611	20
2382	6	76611	20
2383	7	76611	20
2384	8	76611	20
2386	10	76611	20
2387	11	76611	20
2388	12	76611	20
2389	13	76611	20
2390	14	76611	20
2391	15	76611	20
2392	16	76611	20
2394	18	76611	20
2395	19	76611	20
2396	20	76611	20
2397	21	76611	20
2399	23	76611	20
2400	24	76611	20
2385	9	76611	50
2393	17	76611	50
2398	22	76611	50
2401	1	134563	20
2402	2	134563	20
2403	3	134563	20
2404	4	134563	20
2405	5	134563	20
2406	6	134563	20
2407	7	134563	20
2408	8	134563	20
2410	10	134563	20
2411	11	134563	20
2412	12	134563	20
2413	13	134563	20
2414	14	134563	20
2415	15	134563	20
2416	16	134563	20
2417	17	134563	20
2418	18	134563	20
2419	19	134563	20
2420	20	134563	20
2421	21	134563	20
2422	22	134563	20
2423	23	134563	20
2424	24	134563	20
2409	9	134563	50
2425	1	51799	20
2426	2	51799	20
2427	3	51799	20
2428	4	51799	20
2429	5	51799	20
2430	6	51799	20
2431	7	51799	20
2432	8	51799	20
2434	10	51799	20
2435	11	51799	20
2436	12	51799	20
2437	13	51799	20
2438	14	51799	20
2440	16	51799	20
2441	17	51799	20
2442	18	51799	20
2444	20	51799	20
2445	21	51799	20
2446	22	51799	20
2447	23	51799	20
2448	24	51799	20
2433	9	51799	50
2439	15	51799	50
2443	19	51799	50
2449	1	30400	20
2451	3	30400	20
2452	4	30400	20
2453	5	30400	20
2454	6	30400	20
2455	7	30400	20
2456	8	30400	20
2457	9	30400	20
2458	10	30400	20
2459	11	30400	20
2460	12	30400	20
2461	13	30400	20
2462	14	30400	20
2463	15	30400	20
2464	16	30400	20
2466	18	30400	20
2468	20	30400	20
2469	21	30400	20
2470	22	30400	20
2471	23	30400	20
2472	24	30400	20
2450	2	30400	50
2465	17	30400	50
2467	19	30400	50
2473	1	1013	20
2474	2	1013	20
2475	3	1013	20
2476	4	1013	20
2477	5	1013	20
2479	7	1013	20
2480	8	1013	20
2481	9	1013	20
2482	10	1013	20
2483	11	1013	20
2484	12	1013	20
2485	13	1013	20
2486	14	1013	20
2487	15	1013	20
2488	16	1013	20
2489	17	1013	20
2490	18	1013	20
2491	19	1013	20
2492	20	1013	20
2493	21	1013	20
2494	22	1013	20
2495	23	1013	20
2496	24	1013	20
2478	6	1013	50
2497	1	30064	20
2498	2	30064	20
2499	3	30064	20
2500	4	30064	20
2501	5	30064	20
2502	6	30064	20
2503	7	30064	20
2504	8	30064	20
2506	10	30064	20
2507	11	30064	20
2508	12	30064	20
2509	13	30064	20
2510	14	30064	20
2511	15	30064	20
2512	16	30064	20
2513	17	30064	20
2514	18	30064	20
2515	19	30064	20
2516	20	30064	20
2517	21	30064	20
2518	22	30064	20
2519	23	30064	20
2520	24	30064	20
2505	9	30064	50
2521	1	562	20
2522	2	562	20
2523	3	562	20
2524	4	562	20
2525	5	562	20
2526	6	562	20
2528	8	562	20
2530	10	562	20
2531	11	562	20
2532	12	562	20
2533	13	562	20
2534	14	562	20
2535	15	562	20
2536	16	562	20
2537	17	562	20
2538	18	562	20
2539	19	562	20
2540	20	562	20
2541	21	562	20
2543	23	562	20
2544	24	562	20
2527	7	562	50
2529	9	562	50
2542	22	562	50
2545	1	603	20
2546	2	603	20
2547	3	603	20
2548	4	603	20
2550	6	603	20
2551	7	603	20
2552	8	603	20
2554	10	603	20
2555	11	603	20
2557	13	603	20
2558	14	603	20
2560	16	603	20
2562	18	603	20
2563	19	603	20
2564	20	603	20
2565	21	603	20
2566	22	603	20
2567	23	603	20
2568	24	603	20
2553	9	603	50
2559	15	603	50
2561	17	603	50
2569	1	48091	20
2570	2	48091	20
2571	3	48091	20
2572	4	48091	20
2573	5	48091	20
2574	6	48091	20
2575	7	48091	20
2576	8	48091	20
2577	9	48091	20
2578	10	48091	20
2579	11	48091	20
2580	12	48091	20
2581	13	48091	20
2582	14	48091	20
2584	16	48091	20
2586	18	48091	20
2587	19	48091	20
2588	20	48091	20
2589	21	48091	20
2591	23	48091	20
2592	24	48091	20
2583	15	48091	50
2585	17	48091	50
2590	22	48091	50
2593	1	30757	20
2594	2	30757	20
2595	3	30757	20
2596	4	30757	20
2597	5	30757	20
2599	7	30757	20
2600	8	30757	20
2603	11	30757	20
2604	12	30757	20
2605	13	30757	20
2606	14	30757	20
2607	15	30757	20
2608	16	30757	20
2609	17	30757	20
2610	18	30757	20
2611	19	30757	20
2612	20	30757	20
2613	21	30757	20
2614	22	30757	20
2615	23	30757	20
2616	24	30757	20
2598	6	30757	50
2601	9	30757	50
2602	10	30757	50
2617	1	132277	20
2618	2	132277	20
2619	3	132277	20
2620	4	132277	20
2621	5	132277	20
2622	6	132277	20
2623	7	132277	20
2624	8	132277	20
2625	9	132277	20
2626	10	132277	20
2627	11	132277	20
2628	12	132277	20
2629	13	132277	20
2630	14	132277	20
2632	16	132277	20
2633	17	132277	20
2634	18	132277	20
2635	19	132277	20
2636	20	132277	20
2637	21	132277	20
2639	23	132277	20
2640	24	132277	20
2631	15	132277	50
2638	22	132277	50
2641	1	61843	20
2642	2	61843	20
2643	3	61843	20
2644	4	61843	20
2645	5	61843	20
2647	7	61843	20
2648	8	61843	20
2650	10	61843	20
2651	11	61843	20
2652	12	61843	20
2653	13	61843	20
2654	14	61843	20
2655	15	61843	20
2656	16	61843	20
2657	17	61843	20
2658	18	61843	20
2659	19	61843	20
2660	20	61843	20
2661	21	61843	20
2662	22	61843	20
2663	23	61843	20
2664	24	61843	20
2646	6	61843	50
2649	9	61843	50
2665	1	76140	20
2667	3	76140	20
2668	4	76140	20
2669	5	76140	20
2671	7	76140	20
2672	8	76140	20
2674	10	76140	20
2675	11	76140	20
2676	12	76140	20
2677	13	76140	20
2678	14	76140	20
2679	15	76140	20
2680	16	76140	20
2681	17	76140	20
2682	18	76140	20
2683	19	76140	20
2684	20	76140	20
2685	21	76140	20
2686	22	76140	20
2687	23	76140	20
2688	24	76140	20
2666	2	76140	50
2670	6	76140	50
2673	9	76140	50
2689	1	59506	20
2690	2	59506	20
2691	3	59506	20
2692	4	59506	20
2693	5	59506	20
2696	8	59506	20
2697	9	59506	20
2698	10	59506	20
2699	11	59506	20
2700	12	59506	20
2701	13	59506	20
2702	14	59506	20
2703	15	59506	20
2704	16	59506	20
2705	17	59506	20
2706	18	59506	20
2695	7	59506	50
2556	12	603	19
2707	19	59506	20
2708	20	59506	20
2709	21	59506	20
2710	22	59506	20
2711	23	59506	20
2712	24	59506	20
2694	6	59506	50
2713	1	55184	20
2714	2	55184	20
2715	3	55184	20
2716	4	55184	20
2717	5	55184	20
2718	6	55184	20
2719	7	55184	20
2720	8	55184	20
2722	10	55184	20
2723	11	55184	20
2724	12	55184	20
2725	13	55184	20
2726	14	55184	20
2727	15	55184	20
2728	16	55184	20
2729	17	55184	20
2730	18	55184	20
2731	19	55184	20
2732	20	55184	20
2733	21	55184	20
2735	23	55184	20
2736	24	55184	20
2721	9	55184	50
2734	22	55184	50
2738	2	447	20
2739	3	447	20
2740	4	447	20
2741	5	447	20
2742	6	447	20
2744	8	447	20
2746	10	447	20
2747	11	447	20
2748	12	447	20
2749	13	447	20
2750	14	447	20
2751	15	447	20
2752	16	447	20
2753	17	447	20
2754	18	447	20
2755	19	447	20
2756	20	447	20
2757	21	447	20
2758	22	447	20
2759	23	447	20
2760	24	447	20
2737	1	447	50
2743	7	447	50
2745	9	447	50
2761	1	53253	20
2763	3	53253	20
2764	4	53253	20
2765	5	53253	20
2766	6	53253	20
2767	7	53253	20
2768	8	53253	20
2770	10	53253	20
2771	11	53253	20
2772	12	53253	20
2773	13	53253	20
2774	14	53253	20
2775	15	53253	20
2776	16	53253	20
2777	17	53253	20
2778	18	53253	20
2779	19	53253	20
2780	20	53253	20
2781	21	53253	20
2782	22	53253	20
2783	23	53253	20
2784	24	53253	20
2762	2	53253	50
2769	9	53253	50
2786	2	382	20
2787	3	382	20
2788	4	382	20
2789	5	382	20
2790	6	382	20
2791	7	382	20
2792	8	382	20
2794	10	382	20
2795	11	382	20
2796	12	382	20
2797	13	382	20
2798	14	382	20
2799	15	382	20
2800	16	382	20
2801	17	382	20
2802	18	382	20
2804	20	382	20
2805	21	382	20
2806	22	382	20
2807	23	382	20
2808	24	382	20
2785	1	382	50
2793	9	382	50
2803	19	382	50
2809	1	92322	20
2810	2	92322	20
2811	3	92322	20
2812	4	92322	20
2813	5	92322	20
2814	6	92322	20
2815	7	92322	20
2816	8	92322	20
2818	10	92322	20
2819	11	92322	20
2820	12	92322	20
2821	13	92322	20
2822	14	92322	20
2823	15	92322	20
2824	16	92322	20
2825	17	92322	20
2826	18	92322	20
2827	19	92322	20
2828	20	92322	20
2829	21	92322	20
2830	22	92322	20
2831	23	92322	20
2832	24	92322	20
2817	9	92322	50
2834	2	113331	20
2835	3	113331	20
2836	4	113331	20
2837	5	113331	20
2838	6	113331	20
2840	8	113331	20
2842	10	113331	20
2843	11	113331	20
2844	12	113331	20
2845	13	113331	20
2846	14	113331	20
2847	15	113331	20
2848	16	113331	20
2849	17	113331	20
2850	18	113331	20
2851	19	113331	20
2852	20	113331	20
2853	21	113331	20
2854	22	113331	20
2855	23	113331	20
2856	24	113331	20
2833	1	113331	50
2839	7	113331	50
2841	9	113331	50
2857	1	132553	20
2858	2	132553	20
2859	3	132553	20
2861	5	132553	20
2862	6	132553	20
2863	7	132553	20
2864	8	132553	20
2866	10	132553	20
2867	11	132553	20
2868	12	132553	20
2869	13	132553	20
2870	14	132553	20
2871	15	132553	20
2872	16	132553	20
2873	17	132553	20
2874	18	132553	20
2875	19	132553	20
2876	20	132553	20
2860	4	132553	50
2865	9	132553	50
2877	21	132553	20
2878	22	132553	20
2879	23	132553	20
2880	24	132553	20
2881	1	39587	20
2882	2	39587	20
2883	3	39587	20
2884	4	39587	20
2885	5	39587	20
2886	6	39587	20
2887	7	39587	20
2888	8	39587	20
2889	9	39587	20
2890	10	39587	20
2891	11	39587	20
2892	12	39587	20
2893	13	39587	20
2894	14	39587	20
2896	16	39587	20
2898	18	39587	20
2899	19	39587	20
2900	20	39587	20
2901	21	39587	20
2902	22	39587	20
2903	23	39587	20
2904	24	39587	20
2895	15	39587	50
2897	17	39587	50
2905	1	133307	20
2906	2	133307	20
2907	3	133307	20
2908	4	133307	20
2909	5	133307	20
2910	6	133307	20
2911	7	133307	20
2912	8	133307	20
2914	10	133307	20
2915	11	133307	20
2916	12	133307	20
2917	13	133307	20
2918	14	133307	20
2919	15	133307	20
2920	16	133307	20
2921	17	133307	20
2922	18	133307	20
2923	19	133307	20
2924	20	133307	20
2925	21	133307	20
2926	22	133307	20
2927	23	133307	20
2928	24	133307	20
2913	9	133307	50
2929	1	89786	20
2930	2	89786	20
2931	3	89786	20
2932	4	89786	20
2933	5	89786	20
2934	6	89786	20
2935	7	89786	20
2936	8	89786	20
2938	10	89786	20
2939	11	89786	20
2940	12	89786	20
2941	13	89786	20
2942	14	89786	20
2943	15	89786	20
2945	17	89786	20
2946	18	89786	20
2947	19	89786	20
2948	20	89786	20
2949	21	89786	20
2950	22	89786	20
2951	23	89786	20
2952	24	89786	20
2937	9	89786	50
2944	16	89786	50
2953	1	134667	20
2954	2	134667	20
2955	3	134667	20
2956	4	134667	20
2957	5	134667	20
2958	6	134667	20
2959	7	134667	20
2960	8	134667	20
2961	9	134667	20
2962	10	134667	20
2963	11	134667	20
2964	12	134667	20
2965	13	134667	20
2966	14	134667	20
2968	16	134667	20
2969	17	134667	20
2970	18	134667	20
2972	20	134667	20
2973	21	134667	20
2975	23	134667	20
2976	24	134667	20
2967	15	134667	50
2971	19	134667	50
2974	22	134667	50
2977	1	21998	20
2978	2	21998	20
2979	3	21998	20
2980	4	21998	20
2981	5	21998	20
2982	6	21998	20
2983	7	21998	20
2984	8	21998	20
2986	10	21998	20
2987	11	21998	20
2988	12	21998	20
2989	13	21998	20
2990	14	21998	20
2992	16	21998	20
2993	17	21998	20
2994	18	21998	20
2995	19	21998	20
2996	20	21998	20
2997	21	21998	20
2999	23	21998	20
3000	24	21998	20
2985	9	21998	50
2991	15	21998	50
2998	22	21998	50
3001	1	21928	20
3003	3	21928	20
3004	4	21928	20
3005	5	21928	20
3006	6	21928	20
3007	7	21928	20
3008	8	21928	20
3011	11	21928	20
3012	12	21928	20
3013	13	21928	20
3014	14	21928	20
3015	15	21928	20
3016	16	21928	20
3017	17	21928	20
3018	18	21928	20
3019	19	21928	20
3020	20	21928	20
3021	21	21928	20
3022	22	21928	20
3023	23	21928	20
3024	24	21928	20
3002	2	21928	50
3009	9	21928	50
3010	10	21928	50
3025	1	130769	20
3026	2	130769	20
3027	3	130769	20
3029	5	130769	20
3030	6	130769	20
3031	7	130769	20
3032	8	130769	20
3034	10	130769	20
3035	11	130769	20
3036	12	130769	20
3037	13	130769	20
3038	14	130769	20
3039	15	130769	20
3040	16	130769	20
3041	17	130769	20
3042	18	130769	20
3043	19	130769	20
3044	20	130769	20
3045	21	130769	20
3046	22	130769	20
3047	23	130769	20
3028	4	130769	50
3033	9	130769	50
3048	24	130769	20
3049	1	65856	20
3050	2	65856	20
3051	3	65856	20
3052	4	65856	20
3053	5	65856	20
3054	6	65856	20
3055	7	65856	20
3056	8	65856	20
3057	9	65856	20
3058	10	65856	20
3059	11	65856	20
3060	12	65856	20
3061	13	65856	20
3062	14	65856	20
3064	16	65856	20
3065	17	65856	20
3066	18	65856	20
3067	19	65856	20
3068	20	65856	20
3069	21	65856	20
3070	22	65856	20
3071	23	65856	20
3072	24	65856	20
3063	15	65856	50
3073	1	116884	20
3074	2	116884	20
3075	3	116884	20
3076	4	116884	20
3077	5	116884	20
3078	6	116884	20
3079	7	116884	20
3080	8	116884	20
3082	10	116884	20
3083	11	116884	20
3084	12	116884	20
3085	13	116884	20
3086	14	116884	20
3088	16	116884	20
3089	17	116884	20
3090	18	116884	20
3091	19	116884	20
3092	20	116884	20
3093	21	116884	20
3095	23	116884	20
3096	24	116884	20
3081	9	116884	50
3087	15	116884	50
3094	22	116884	50
3097	1	19924	20
3098	2	19924	20
3099	3	19924	20
3100	4	19924	20
3101	5	19924	20
3102	6	19924	20
3103	7	19924	20
3104	8	19924	20
3105	9	19924	20
3106	10	19924	20
3107	11	19924	20
3108	12	19924	20
3109	13	19924	20
3110	14	19924	20
3112	16	19924	20
3113	17	19924	20
3114	18	19924	20
3115	19	19924	20
3116	20	19924	20
3117	21	19924	20
3119	23	19924	20
3120	24	19924	20
3111	15	19924	50
3118	22	19924	50
3121	1	104198	20
3122	2	104198	20
3123	3	104198	20
3125	5	104198	20
3126	6	104198	20
3127	7	104198	20
3128	8	104198	20
3130	10	104198	20
3131	11	104198	20
3132	12	104198	20
3133	13	104198	20
3134	14	104198	20
3135	15	104198	20
3136	16	104198	20
3137	17	104198	20
3138	18	104198	20
3139	19	104198	20
3140	20	104198	20
3141	21	104198	20
3142	22	104198	20
3143	23	104198	20
3144	24	104198	20
3124	4	104198	50
3129	9	104198	50
3145	1	94906	20
3146	2	94906	20
3147	3	94906	20
3148	4	94906	20
3149	5	94906	20
3150	6	94906	20
3151	7	94906	20
3152	8	94906	20
3153	9	94906	20
3154	10	94906	20
3155	11	94906	20
3156	12	94906	20
3157	13	94906	20
3158	14	94906	20
3159	15	94906	20
3160	16	94906	20
3161	17	94906	20
3162	18	94906	20
3163	19	94906	20
3164	20	94906	20
3165	21	94906	20
3167	23	94906	20
3168	24	94906	20
3166	22	94906	50
3169	1	128853	20
3170	2	128853	20
3171	3	128853	20
3172	4	128853	20
3173	5	128853	20
3174	6	128853	20
3176	8	128853	20
3178	10	128853	20
3179	11	128853	20
3180	12	128853	20
3181	13	128853	20
3182	14	128853	20
3183	15	128853	20
3184	16	128853	20
3186	18	128853	20
3187	19	128853	20
3188	20	128853	20
3189	21	128853	20
3190	22	128853	20
3191	23	128853	20
3192	24	128853	20
3175	7	128853	50
3177	9	128853	50
3185	17	128853	50
3193	1	22091	20
3194	2	22091	20
3195	3	22091	20
3196	4	22091	20
3197	5	22091	20
3198	6	22091	20
3199	7	22091	20
3200	8	22091	20
3202	10	22091	20
3203	11	22091	20
3204	12	22091	20
3205	13	22091	20
3206	14	22091	20
3207	15	22091	20
3208	16	22091	20
3210	18	22091	20
3211	19	22091	20
3212	20	22091	20
3213	21	22091	20
3215	23	22091	20
3216	24	22091	20
3201	9	22091	50
3209	17	22091	50
3214	22	22091	50
3217	1	48395	20
3218	2	48395	20
3219	3	48395	20
3220	4	48395	20
3221	5	48395	20
3222	6	48395	20
3223	7	48395	20
3224	8	48395	20
3226	10	48395	20
3227	11	48395	20
3228	12	48395	20
3229	13	48395	20
3230	14	48395	20
3225	9	48395	50
3231	15	48395	20
3232	16	48395	20
3234	18	48395	20
3235	19	48395	20
3236	20	48395	20
3237	21	48395	20
3239	23	48395	20
3240	24	48395	20
3233	17	48395	50
3238	22	48395	50
3241	1	134810	20
3242	2	134810	20
3243	3	134810	20
3244	4	134810	20
3245	5	134810	20
3246	6	134810	20
3247	7	134810	20
3248	8	134810	20
3249	9	134810	20
3250	10	134810	20
3251	11	134810	20
3252	12	134810	20
3253	13	134810	20
3254	14	134810	20
3255	15	134810	20
3256	16	134810	20
3257	17	134810	20
3258	18	134810	20
3259	19	134810	20
3260	20	134810	20
3261	21	134810	20
3263	23	134810	20
3264	24	134810	20
3262	22	134810	50
3265	1	13177	20
3266	2	13177	20
3267	3	13177	20
3268	4	13177	20
3269	5	13177	20
3270	6	13177	20
3271	7	13177	20
3272	8	13177	20
3274	10	13177	20
3275	11	13177	20
3276	12	13177	20
3277	13	13177	20
3278	14	13177	20
3279	15	13177	20
3280	16	13177	20
3281	17	13177	20
3282	18	13177	20
3283	19	13177	20
3284	20	13177	20
3285	21	13177	20
3286	22	13177	20
3287	23	13177	20
3288	24	13177	20
3273	9	13177	50
3289	1	3900	20
3290	2	3900	20
3291	3	3900	20
3292	4	3900	20
3293	5	3900	20
3294	6	3900	20
3295	7	3900	20
3296	8	3900	20
3298	10	3900	20
3299	11	3900	20
3300	12	3900	20
3301	13	3900	20
3302	14	3900	20
3304	16	3900	20
3305	17	3900	20
3306	18	3900	20
3307	19	3900	20
3308	20	3900	20
3309	21	3900	20
3310	22	3900	20
3311	23	3900	20
3312	24	3900	20
3297	9	3900	50
3303	15	3900	50
3313	1	133065	20
3314	2	133065	20
3315	3	133065	20
3316	4	133065	20
3317	5	133065	20
3318	6	133065	20
3319	7	133065	20
3320	8	133065	20
3321	9	133065	20
3322	10	133065	20
3323	11	133065	20
3324	12	133065	20
3325	13	133065	20
3326	14	133065	20
3328	16	133065	20
3329	17	133065	20
3330	18	133065	20
3331	19	133065	20
3332	20	133065	20
3333	21	133065	20
3334	22	133065	20
3335	23	133065	20
3336	24	133065	20
3327	15	133065	50
3337	1	37653	20
3338	2	37653	20
3339	3	37653	20
3340	4	37653	20
3341	5	37653	20
3342	6	37653	20
3343	7	37653	20
3344	8	37653	20
3346	10	37653	20
3348	12	37653	20
3349	13	37653	20
3350	14	37653	20
3351	15	37653	20
3352	16	37653	20
3353	17	37653	20
3354	18	37653	20
3355	19	37653	20
3356	20	37653	20
3357	21	37653	20
3358	22	37653	20
3359	23	37653	20
3360	24	37653	20
3345	9	37653	50
3347	11	37653	50
3361	1	114442	20
3364	4	114442	20
3365	5	114442	20
3367	7	114442	20
3368	8	114442	20
3369	9	114442	20
3370	10	114442	20
3371	11	114442	20
3372	12	114442	20
3373	13	114442	20
3374	14	114442	20
3375	15	114442	20
3376	16	114442	20
3377	17	114442	20
3378	18	114442	20
3379	19	114442	20
3380	20	114442	20
3381	21	114442	20
3382	22	114442	20
3383	23	114442	20
3384	24	114442	20
3363	3	114442	50
3362	2	114442	50
3366	6	114442	50
3385	1	132707	20
3386	2	132707	20
3387	3	132707	20
3388	4	132707	20
3389	5	132707	20
3392	8	132707	20
3393	9	132707	20
3394	10	132707	20
3395	11	132707	20
3396	12	132707	20
3397	13	132707	20
3398	14	132707	20
3399	15	132707	20
3400	16	132707	20
3401	17	132707	20
3402	18	132707	20
3403	19	132707	20
3390	6	132707	50
3391	7	132707	50
3404	20	132707	20
3405	21	132707	20
3407	23	132707	20
3408	24	132707	20
3406	22	132707	50
3410	2	113700	20
3411	3	113700	20
3412	4	113700	20
3413	5	113700	20
3414	6	113700	20
3416	8	113700	20
3418	10	113700	20
3419	11	113700	20
3420	12	113700	20
3421	13	113700	20
3422	14	113700	20
3423	15	113700	20
3424	16	113700	20
3425	17	113700	20
3426	18	113700	20
3427	19	113700	20
3428	20	113700	20
3429	21	113700	20
3430	22	113700	20
3431	23	113700	20
3432	24	113700	20
3409	1	113700	50
3415	7	113700	50
3417	9	113700	50
3435	3	36490	20
3436	4	36490	20
3437	5	36490	20
3439	7	36490	20
3440	8	36490	20
3441	9	36490	20
3442	10	36490	20
3443	11	36490	20
3444	12	36490	20
3445	13	36490	20
3446	14	36490	20
3447	15	36490	20
3448	16	36490	20
3449	17	36490	20
3450	18	36490	20
3451	19	36490	20
3452	20	36490	20
3453	21	36490	20
3454	22	36490	20
3455	23	36490	20
3456	24	36490	20
3433	1	36490	50
3434	2	36490	50
3438	6	36490	50
3457	1	97243	20
3458	2	97243	20
3459	3	97243	20
3460	4	97243	20
3461	5	97243	20
3462	6	97243	20
3464	8	97243	20
3466	10	97243	20
3467	11	97243	20
3468	12	97243	20
3469	13	97243	20
3470	14	97243	20
3471	15	97243	20
3472	16	97243	20
3473	17	97243	20
3474	18	97243	20
3475	19	97243	20
3476	20	97243	20
3477	21	97243	20
3479	23	97243	20
3480	24	97243	20
3463	7	97243	50
3465	9	97243	50
3478	22	97243	50
3481	1	70717	20
3482	2	70717	20
3483	3	70717	20
3484	4	70717	20
3485	5	70717	20
3486	6	70717	20
3487	7	70717	20
3488	8	70717	20
3489	9	70717	20
3490	10	70717	20
3491	11	70717	20
3492	12	70717	20
3493	13	70717	20
3494	14	70717	20
3496	16	70717	20
3498	18	70717	20
3499	19	70717	20
3500	20	70717	20
3501	21	70717	20
3503	23	70717	20
3504	24	70717	20
3495	15	70717	50
3497	17	70717	50
3502	22	70717	50
3505	1	28830	20
3506	2	28830	20
3507	3	28830	20
3508	4	28830	20
3509	5	28830	20
3510	6	28830	20
3511	7	28830	20
3512	8	28830	20
3514	10	28830	20
3515	11	28830	20
3516	12	28830	20
3517	13	28830	20
3518	14	28830	20
3519	15	28830	20
3520	16	28830	20
3521	17	28830	20
3522	18	28830	20
3523	19	28830	20
3524	20	28830	20
3525	21	28830	20
3526	22	28830	20
3527	23	28830	20
3528	24	28830	20
3513	9	28830	50
3529	1	1082	20
3530	2	1082	20
3531	3	1082	20
3532	4	1082	20
3533	5	1082	20
3534	6	1082	20
3535	7	1082	20
3536	8	1082	20
3538	10	1082	20
3539	11	1082	20
3540	12	1082	20
3541	13	1082	20
3542	14	1082	20
3543	15	1082	20
3544	16	1082	20
3546	18	1082	20
3547	19	1082	20
3548	20	1082	20
3549	21	1082	20
3550	22	1082	20
3551	23	1082	20
3552	24	1082	20
3537	9	1082	50
3545	17	1082	50
3554	2	116974	20
3555	3	116974	20
3556	4	116974	20
3557	5	116974	20
3558	6	116974	20
3559	7	116974	20
3560	8	116974	20
3561	9	116974	20
3562	10	116974	20
3563	11	116974	20
3564	12	116974	20
3565	13	116974	20
3566	14	116974	20
3567	15	116974	20
3568	16	116974	20
3569	17	116974	20
3570	18	116974	20
3571	19	116974	20
3572	20	116974	20
3553	1	116974	50
3573	21	116974	20
3575	23	116974	20
3574	22	116974	50
3576	24	116974	50
3577	1	24925	20
3579	3	24925	20
3580	4	24925	20
3581	5	24925	20
3583	7	24925	20
3584	8	24925	20
3585	9	24925	20
3586	10	24925	20
3587	11	24925	20
3588	12	24925	20
3589	13	24925	20
3590	14	24925	20
3591	15	24925	20
3592	16	24925	20
3593	17	24925	20
3594	18	24925	20
3595	19	24925	20
3596	20	24925	20
3597	21	24925	20
3598	22	24925	20
3599	23	24925	20
3600	24	24925	20
3578	2	24925	50
3582	6	24925	50
3601	1	131161	20
3602	2	131161	20
3603	3	131161	20
3604	4	131161	20
3605	5	131161	20
3606	6	131161	20
3607	7	131161	20
3608	8	131161	20
3610	10	131161	20
3611	11	131161	20
3612	12	131161	20
3613	13	131161	20
3614	14	131161	20
3615	15	131161	20
3616	16	131161	20
3617	17	131161	20
3618	18	131161	20
3619	19	131161	20
3620	20	131161	20
3621	21	131161	20
3622	22	131161	20
3623	23	131161	20
3624	24	131161	20
3609	9	131161	50
3625	1	31423	20
3626	2	31423	20
3627	3	31423	20
3628	4	31423	20
3629	5	31423	20
3630	6	31423	20
3631	7	31423	20
3632	8	31423	20
3634	10	31423	20
3635	11	31423	20
3636	12	31423	20
3637	13	31423	20
3638	14	31423	20
3639	15	31423	20
3641	17	31423	20
3642	18	31423	20
3643	19	31423	20
3644	20	31423	20
3645	21	31423	20
3646	22	31423	20
3647	23	31423	20
3648	24	31423	20
3633	9	31423	50
3640	16	31423	50
3651	3	214	20
3652	4	214	20
3653	5	214	20
3654	6	214	20
3655	7	214	20
3656	8	214	20
3657	9	214	20
3658	10	214	20
3659	11	214	20
3660	12	214	20
3661	13	214	20
3662	14	214	20
3663	15	214	20
3664	16	214	20
3665	17	214	20
3666	18	214	20
3668	20	214	20
3669	21	214	20
3670	22	214	20
3671	23	214	20
3672	24	214	20
3649	1	214	50
3650	2	214	50
3667	19	214	50
3673	1	92396	20
3674	2	92396	20
3675	3	92396	20
3676	4	92396	20
3677	5	92396	20
3678	6	92396	20
3679	7	92396	20
3680	8	92396	20
3682	10	92396	20
3683	11	92396	20
3684	12	92396	20
3685	13	92396	20
3686	14	92396	20
3687	15	92396	20
3688	16	92396	20
3689	17	92396	20
3690	18	92396	20
3691	19	92396	20
3692	20	92396	20
3693	21	92396	20
3694	22	92396	20
3695	23	92396	20
3696	24	92396	20
3681	9	92396	50
3697	1	96132	20
3698	2	96132	20
3699	3	96132	20
3700	4	96132	20
3701	5	96132	20
3703	7	96132	20
3704	8	96132	20
3706	10	96132	20
3707	11	96132	20
3708	12	96132	20
3709	13	96132	20
3710	14	96132	20
3711	15	96132	20
3712	16	96132	20
3713	17	96132	20
3714	18	96132	20
3715	19	96132	20
3716	20	96132	20
3717	21	96132	20
3718	22	96132	20
3719	23	96132	20
3720	24	96132	20
3702	6	96132	50
3705	9	96132	50
3721	1	422	20
3722	2	422	20
3723	3	422	20
3724	4	422	20
3725	5	422	20
3727	7	422	20
3728	8	422	20
3729	9	422	20
3730	10	422	20
3731	11	422	20
3732	12	422	20
3733	13	422	20
3734	14	422	20
3735	15	422	20
3736	16	422	20
3737	17	422	20
3738	18	422	20
3739	19	422	20
3740	20	422	20
3741	21	422	20
3742	22	422	20
3743	23	422	20
3744	24	422	20
3726	6	422	50
3745	1	55924	20
3746	2	55924	20
3747	3	55924	20
3748	4	55924	20
3749	5	55924	20
3751	7	55924	20
3752	8	55924	20
3754	10	55924	20
3755	11	55924	20
3750	6	55924	50
3753	9	55924	50
3756	12	55924	20
3757	13	55924	20
3758	14	55924	20
3759	15	55924	20
3760	16	55924	20
3761	17	55924	20
3762	18	55924	20
3763	19	55924	20
3764	20	55924	20
3765	21	55924	20
3766	22	55924	20
3767	23	55924	20
3768	24	55924	20
3769	1	8050	20
3770	2	8050	20
3771	3	8050	20
3772	4	8050	20
3773	5	8050	20
3775	7	8050	20
3776	8	8050	20
3777	9	8050	20
3778	10	8050	20
3779	11	8050	20
3780	12	8050	20
3781	13	8050	20
3782	14	8050	20
3783	15	8050	20
3784	16	8050	20
3785	17	8050	20
3786	18	8050	20
3787	19	8050	20
3788	20	8050	20
3789	21	8050	20
3790	22	8050	20
3791	23	8050	20
3792	24	8050	20
3774	6	8050	50
3793	1	92674	20
3794	2	92674	20
3795	3	92674	20
3796	4	92674	20
3797	5	92674	20
3798	6	92674	20
3799	7	92674	20
3800	8	92674	20
3802	10	92674	20
3804	12	92674	20
3805	13	92674	20
3806	14	92674	20
3807	15	92674	20
3808	16	92674	20
3809	17	92674	20
3810	18	92674	20
3812	20	92674	20
3813	21	92674	20
3814	22	92674	20
3815	23	92674	20
3816	24	92674	20
3801	9	92674	50
3803	11	92674	50
3811	19	92674	50
3817	1	211	20
3818	2	211	20
3819	3	211	20
3820	4	211	20
3821	5	211	20
3823	7	211	20
3824	8	211	20
3826	10	211	20
3827	11	211	20
3828	12	211	20
3829	13	211	20
3830	14	211	20
3831	15	211	20
3832	16	211	20
3833	17	211	20
3834	18	211	20
3835	19	211	20
3836	20	211	20
3837	21	211	20
3838	22	211	20
3839	23	211	20
3840	24	211	20
3822	6	211	50
3825	9	211	50
3841	1	12	20
3842	2	12	20
3843	3	12	20
3844	4	12	20
3845	5	12	20
3846	6	12	20
3847	7	12	20
3848	8	12	20
3850	10	12	20
3851	11	12	20
3852	12	12	20
3853	13	12	20
3854	14	12	20
3855	15	12	20
3856	16	12	20
3857	17	12	20
3858	18	12	20
3859	19	12	20
3860	20	12	20
3861	21	12	20
3862	22	12	20
3863	23	12	20
3864	24	12	20
3849	9	12	50
3867	3	81056	20
3868	4	81056	20
3869	5	81056	20
3871	7	81056	20
3872	8	81056	20
3873	9	81056	20
3874	10	81056	20
3875	11	81056	20
3876	12	81056	20
3877	13	81056	20
3878	14	81056	20
3879	15	81056	20
3880	16	81056	20
3881	17	81056	20
3882	18	81056	20
3883	19	81056	20
3884	20	81056	20
3885	21	81056	20
3886	22	81056	20
3887	23	81056	20
3888	24	81056	20
3865	1	81056	50
3870	6	81056	50
3866	2	81056	50
3889	1	23192	20
3890	2	23192	20
3891	3	23192	20
3893	5	23192	20
3894	6	23192	20
3895	7	23192	20
3896	8	23192	20
3899	11	23192	20
3900	12	23192	20
3901	13	23192	20
3902	14	23192	20
3903	15	23192	20
3904	16	23192	20
3905	17	23192	20
3906	18	23192	20
3907	19	23192	20
3908	20	23192	20
3909	21	23192	20
3910	22	23192	20
3911	23	23192	20
3912	24	23192	20
3892	4	23192	50
3897	9	23192	50
3898	10	23192	50
3913	1	18708	20
3914	2	18708	20
3915	3	18708	20
3916	4	18708	20
3917	5	18708	20
3918	6	18708	20
3919	7	18708	20
3920	8	18708	20
3921	9	18708	20
3922	10	18708	20
3923	11	18708	20
3925	13	18708	20
3926	14	18708	20
3927	15	18708	20
3928	16	18708	20
3929	17	18708	20
3930	18	18708	20
3931	19	18708	20
3932	20	18708	20
3933	21	18708	20
3935	23	18708	20
3936	24	18708	20
3924	12	18708	50
3934	22	18708	50
3937	1	115132	20
3938	2	115132	20
3939	3	115132	20
3940	4	115132	20
3941	5	115132	20
3943	7	115132	20
3944	8	115132	20
3945	9	115132	20
3946	10	115132	20
3947	11	115132	20
3948	12	115132	20
3949	13	115132	20
3950	14	115132	20
3951	15	115132	20
3952	16	115132	20
3953	17	115132	20
3954	18	115132	20
3956	20	115132	20
3957	21	115132	20
3958	22	115132	20
3959	23	115132	20
3960	24	115132	20
3942	6	115132	50
3955	19	115132	50
3961	1	271	20
3962	2	271	20
3963	3	271	20
3964	4	271	20
3965	5	271	20
3967	7	271	20
3968	8	271	20
3970	10	271	20
3971	11	271	20
3972	12	271	20
3973	13	271	20
3974	14	271	20
3975	15	271	20
3976	16	271	20
3977	17	271	20
3978	18	271	20
3979	19	271	20
3980	20	271	20
3981	21	271	20
3982	22	271	20
3983	23	271	20
3984	24	271	20
3966	6	271	50
3969	9	271	50
3985	1	60478	20
3986	2	60478	20
3987	3	60478	20
3988	4	60478	20
3989	5	60478	20
3991	7	60478	20
3992	8	60478	20
3993	9	60478	20
3994	10	60478	20
3996	12	60478	20
3997	13	60478	20
3998	14	60478	20
3999	15	60478	20
4000	16	60478	20
4001	17	60478	20
4002	18	60478	20
4003	19	60478	20
4004	20	60478	20
4005	21	60478	20
4006	22	60478	20
4007	23	60478	20
4008	24	60478	20
3990	6	60478	50
3995	11	60478	50
4009	1	85030	20
4010	2	85030	20
4011	3	85030	20
4012	4	85030	20
4013	5	85030	20
4014	6	85030	20
4016	8	85030	20
4017	9	85030	20
4018	10	85030	20
4019	11	85030	20
4021	13	85030	20
4022	14	85030	20
4023	15	85030	20
4024	16	85030	20
4025	17	85030	20
4026	18	85030	20
4027	19	85030	20
4028	20	85030	20
4029	21	85030	20
4031	23	85030	20
4032	24	85030	20
4015	7	85030	50
4020	12	85030	50
4030	22	85030	50
4058	2	135304	20
4059	3	135304	20
4060	4	135304	20
4061	5	135304	20
4062	6	135304	20
4063	7	135304	20
4064	8	135304	20
4065	9	135304	20
4066	10	135304	20
4067	11	135304	20
4068	12	135304	20
4069	13	135304	20
4070	14	135304	20
4072	16	135304	20
4073	17	135304	20
4074	18	135304	20
4076	20	135304	20
4077	21	135304	20
4078	22	135304	20
4079	23	135304	20
4080	24	135304	20
4057	1	135304	50
4071	15	135304	50
4075	19	135304	50
4081	1	129411	20
4082	2	129411	20
4083	3	129411	20
4084	4	129411	20
4085	5	129411	20
4086	6	129411	20
4087	7	129411	20
4088	8	129411	20
4090	10	129411	20
4091	11	129411	20
4092	12	129411	20
4093	13	129411	20
4094	14	129411	20
4095	15	129411	20
4096	16	129411	20
4097	17	129411	20
4098	18	129411	20
4099	19	129411	20
4100	20	129411	20
4101	21	129411	20
4102	22	129411	20
4103	23	129411	20
4104	24	129411	20
4089	9	129411	50
4105	1	116780	20
4106	2	116780	20
4107	3	116780	20
4108	4	116780	20
4109	5	116780	20
4110	6	116780	20
4111	7	116780	20
4112	8	116780	20
4114	10	116780	20
4115	11	116780	20
4116	12	116780	20
4117	13	116780	20
4118	14	116780	20
4119	15	116780	20
4120	16	116780	20
4121	17	116780	20
4113	9	116780	50
4122	18	116780	20
4123	19	116780	20
4124	20	116780	20
4125	21	116780	20
4126	22	116780	20
4127	23	116780	20
4128	24	116780	20
4129	1	758	20
4130	2	758	20
4131	3	758	20
4132	4	758	20
4133	5	758	20
4134	6	758	20
4135	7	758	20
4136	8	758	20
4138	10	758	20
4140	12	758	20
4141	13	758	20
4142	14	758	20
4143	15	758	20
4144	16	758	20
4145	17	758	20
4146	18	758	20
4147	19	758	20
4148	20	758	20
4149	21	758	20
4150	22	758	20
4151	23	758	20
4137	9	758	50
4139	11	758	50
4152	24	758	50
4153	1	5671	20
4154	2	5671	20
4155	3	5671	20
4156	4	5671	20
4157	5	5671	20
4158	6	5671	20
4160	8	5671	20
4162	10	5671	20
4163	11	5671	20
4164	12	5671	20
4165	13	5671	20
4166	14	5671	20
4168	16	5671	20
4169	17	5671	20
4170	18	5671	20
4171	19	5671	20
4172	20	5671	20
4173	21	5671	20
4174	22	5671	20
4175	23	5671	20
4176	24	5671	20
4159	7	5671	50
4161	9	5671	50
4167	15	5671	50
4177	1	8070	20
4178	2	8070	20
4179	3	8070	20
4180	4	8070	20
4181	5	8070	20
4182	6	8070	20
4183	7	8070	20
4184	8	8070	20
4185	9	8070	20
4186	10	8070	20
4187	11	8070	20
4188	12	8070	20
4189	13	8070	20
4190	14	8070	20
4192	16	8070	20
4193	17	8070	20
4194	18	8070	20
4195	19	8070	20
4196	20	8070	20
4197	21	8070	20
4199	23	8070	20
4200	24	8070	20
4191	15	8070	50
4198	22	8070	50
4201	1	34844	20
4202	2	34844	20
4203	3	34844	20
4204	4	34844	20
4205	5	34844	20
4207	7	34844	20
4208	8	34844	20
4209	9	34844	20
4210	10	34844	20
4211	11	34844	20
4212	12	34844	20
4213	13	34844	20
4214	14	34844	20
4215	15	34844	20
4216	16	34844	20
4217	17	34844	20
4218	18	34844	20
4219	19	34844	20
4220	20	34844	20
4221	21	34844	20
4222	22	34844	20
4223	23	34844	20
4224	24	34844	20
4206	6	34844	50
4235	11	1713	6
4238	14	1713	9
4230	6	1713	169
4249	1	93495	20
4250	2	93495	20
4251	3	93495	20
4252	4	93495	20
4253	5	93495	20
4255	7	93495	20
4256	8	93495	20
4258	10	93495	20
4259	11	93495	20
4260	12	93495	20
4261	13	93495	20
4262	14	93495	20
4264	16	93495	20
4265	17	93495	20
4266	18	93495	20
4267	19	93495	20
4268	20	93495	20
4269	21	93495	20
4270	22	93495	20
4271	23	93495	20
4272	24	93495	20
4254	6	93495	50
4257	9	93495	50
4263	15	93495	50
4273	1	94810	20
4274	2	94810	20
4275	3	94810	20
4276	4	94810	20
4277	5	94810	20
4278	6	94810	20
4279	7	94810	20
4280	8	94810	20
4282	10	94810	20
4283	11	94810	20
4284	12	94810	20
4285	13	94810	20
4286	14	94810	20
4287	15	94810	20
4288	16	94810	20
4289	17	94810	20
4290	18	94810	20
4291	19	94810	20
4281	9	94810	50
4241	17	1713	8
4243	19	1713	20
4234	10	1713	7
4239	15	1713	143
4228	4	1713	8
4248	24	1713	7
4245	21	1713	10
4229	5	1713	9
4246	22	1713	8
4242	18	1713	5
4240	16	1713	9
4225	1	1713	8
4232	8	1713	9
4227	3	1713	8
4233	9	1713	2
4236	12	1713	11
4237	13	1713	9
4247	23	1713	8
4244	20	1713	13
4226	2	1713	10
4231	7	1713	8
4292	20	94810	20
4293	21	94810	20
4295	23	94810	20
4296	24	94810	20
4294	22	94810	50
4298	2	54798	20
4299	3	54798	20
4300	4	54798	20
4301	5	54798	20
4302	6	54798	20
4304	8	54798	20
4306	10	54798	20
4307	11	54798	20
4308	12	54798	20
4309	13	54798	20
4310	14	54798	20
4311	15	54798	20
4312	16	54798	20
4313	17	54798	20
4314	18	54798	20
4315	19	54798	20
4316	20	54798	20
4317	21	54798	20
4318	22	54798	20
4319	23	54798	20
4320	24	54798	20
4297	1	54798	50
4303	7	54798	50
4305	9	54798	50
4322	2	113713	20
4323	3	113713	20
4324	4	113713	20
4325	5	113713	20
4326	6	113713	20
4327	7	113713	20
4328	8	113713	20
4330	10	113713	20
4331	11	113713	20
4332	12	113713	20
4333	13	113713	20
4334	14	113713	20
4335	15	113713	20
4336	16	113713	20
4337	17	113713	20
4338	18	113713	20
4339	19	113713	20
4340	20	113713	20
4341	21	113713	20
4343	23	113713	20
4344	24	113713	20
4321	1	113713	50
4329	9	113713	50
4342	22	113713	50
4345	1	130615	20
4346	2	130615	20
4347	3	130615	20
4348	4	130615	20
4349	5	130615	20
4350	6	130615	20
4352	8	130615	20
4354	10	130615	20
4355	11	130615	20
4356	12	130615	20
4357	13	130615	20
4358	14	130615	20
4359	15	130615	20
4360	16	130615	20
4361	17	130615	20
4362	18	130615	20
4363	19	130615	20
4364	20	130615	20
4365	21	130615	20
4367	23	130615	20
4368	24	130615	20
4351	7	130615	50
4353	9	130615	50
4366	22	130615	50
4369	1	24015	20
4370	2	24015	20
4371	3	24015	20
4373	5	24015	20
4374	6	24015	20
4375	7	24015	20
4376	8	24015	20
4377	9	24015	20
4378	10	24015	20
4379	11	24015	20
4380	12	24015	20
4381	13	24015	20
4382	14	24015	20
4383	15	24015	20
4385	17	24015	20
4386	18	24015	20
4387	19	24015	20
4388	20	24015	20
4389	21	24015	20
4390	22	24015	20
4391	23	24015	20
4392	24	24015	20
4372	4	24015	50
4384	16	24015	50
4393	1	48136	20
4394	2	48136	20
4395	3	48136	20
4396	4	48136	20
4397	5	48136	20
4398	6	48136	20
4399	7	48136	20
4400	8	48136	20
4402	10	48136	20
4403	11	48136	20
4404	12	48136	20
4405	13	48136	20
4406	14	48136	20
4407	15	48136	20
4408	16	48136	20
4409	17	48136	20
4410	18	48136	20
4411	19	48136	20
4412	20	48136	20
4413	21	48136	20
4415	23	48136	20
4416	24	48136	20
4401	9	48136	50
4414	22	48136	50
4417	1	52059	20
4419	3	52059	20
4420	4	52059	20
4421	5	52059	20
4422	6	52059	20
4423	7	52059	20
4424	8	52059	20
4425	9	52059	20
4428	12	52059	20
4429	13	52059	20
4430	14	52059	20
4431	15	52059	20
4432	16	52059	20
4433	17	52059	20
4434	18	52059	20
4435	19	52059	20
4436	20	52059	20
4437	21	52059	20
4438	22	52059	20
4439	23	52059	20
4440	24	52059	20
4418	2	52059	50
4426	10	52059	50
4427	11	52059	50
4442	2	22665	20
4443	3	22665	20
4444	4	22665	20
4445	5	22665	20
4446	6	22665	20
4448	8	22665	20
4449	9	22665	20
4450	10	22665	20
4451	11	22665	20
4452	12	22665	20
4453	13	22665	20
4454	14	22665	20
4455	15	22665	20
4456	16	22665	20
4457	17	22665	20
4458	18	22665	20
4459	19	22665	20
4441	1	22665	50
4447	7	22665	50
4460	20	22665	20
4461	21	22665	20
4463	23	22665	20
4464	24	22665	20
4462	22	22665	50
4465	1	92749	20
4466	2	92749	20
4467	3	92749	20
4468	4	92749	20
4469	5	92749	20
4470	6	92749	20
4471	7	92749	20
4472	8	92749	20
4474	10	92749	20
4475	11	92749	20
4476	12	92749	20
4477	13	92749	20
4478	14	92749	20
4479	15	92749	20
4480	16	92749	20
4481	17	92749	20
4482	18	92749	20
4483	19	92749	20
4484	20	92749	20
4485	21	92749	20
4486	22	92749	20
4487	23	92749	20
4488	24	92749	20
4473	9	92749	50
4489	1	117034	20
4490	2	117034	20
4491	3	117034	20
4492	4	117034	20
4493	5	117034	20
4495	7	117034	20
4496	8	117034	20
4498	10	117034	20
4499	11	117034	20
4500	12	117034	20
4501	13	117034	20
4502	14	117034	20
4503	15	117034	20
4504	16	117034	20
4505	17	117034	20
4506	18	117034	20
4507	19	117034	20
4508	20	117034	20
4509	21	117034	20
4510	22	117034	20
4511	23	117034	20
4512	24	117034	20
4497	9	117034	50
4494	6	117034	50
4513	1	5357	20
4514	2	5357	20
4515	3	5357	20
4516	4	5357	20
4517	5	5357	20
4518	6	5357	20
4519	7	5357	20
4520	8	5357	20
4522	10	5357	20
4523	11	5357	20
4524	12	5357	20
4525	13	5357	20
4526	14	5357	20
4527	15	5357	20
4528	16	5357	20
4529	17	5357	20
4530	18	5357	20
4532	20	5357	20
4533	21	5357	20
4535	23	5357	20
4536	24	5357	20
4521	9	5357	50
4531	19	5357	50
4534	22	5357	50
4537	1	95439	20
4538	2	95439	20
4539	3	95439	20
4540	4	95439	20
4541	5	95439	20
4542	6	95439	20
4543	7	95439	20
4544	8	95439	20
4546	10	95439	20
4547	11	95439	20
4548	12	95439	20
4549	13	95439	20
4550	14	95439	20
4551	15	95439	20
4552	16	95439	20
4553	17	95439	20
4554	18	95439	20
4555	19	95439	20
4556	20	95439	20
4557	21	95439	20
4558	22	95439	20
4559	23	95439	20
4560	24	95439	20
4545	9	95439	50
4568	8	1308	9
4566	6	1308	170
4585	1	134160	20
4586	2	134160	20
4587	3	134160	20
4588	4	134160	20
4589	5	134160	20
4590	6	134160	20
4591	7	134160	20
4592	8	134160	20
4594	10	134160	20
4595	11	134160	20
4596	12	134160	20
4597	13	134160	20
4598	14	134160	20
4599	15	134160	20
4600	16	134160	20
4601	17	134160	20
4602	18	134160	20
4603	19	134160	20
4604	20	134160	20
4605	21	134160	20
4606	22	134160	20
4607	23	134160	20
4608	24	134160	20
4593	9	134160	50
4610	2	73698	20
4611	3	73698	20
4612	4	73698	20
4613	5	73698	20
4616	8	73698	20
4617	9	73698	20
4618	10	73698	20
4619	11	73698	20
4620	12	73698	20
4621	13	73698	20
4622	14	73698	20
4623	15	73698	20
4624	16	73698	20
4625	17	73698	20
4626	18	73698	20
4627	19	73698	20
4628	20	73698	20
4629	21	73698	20
4630	22	73698	20
4631	23	73698	20
4632	24	73698	20
4609	1	73698	50
4614	6	73698	50
4615	7	73698	50
4633	1	46776	20
4634	2	46776	20
4635	3	46776	20
4636	4	46776	20
4637	5	46776	20
4639	7	46776	20
4640	8	46776	20
4641	9	46776	20
4642	10	46776	20
4638	6	46776	50
4570	10	1308	5
4583	23	1308	10
4575	15	1308	7
4579	19	1308	11
4578	18	1308	120
4564	4	1308	5
4571	11	1308	10
4582	22	1308	9
4567	7	1308	8
4562	2	1308	10
4577	17	1308	9
4580	20	1308	7
4563	3	1308	8
4565	5	1308	6
4581	21	1308	7
4561	1	1308	9
4584	24	1308	4
4572	12	1308	9
4573	13	1308	9
4643	11	46776	20
4644	12	46776	20
4645	13	46776	20
4646	14	46776	20
4647	15	46776	20
4649	17	46776	20
4650	18	46776	20
4651	19	46776	20
4652	20	46776	20
4653	21	46776	20
4654	22	46776	20
4655	23	46776	20
4656	24	46776	20
4648	16	46776	50
4657	1	113239	20
4658	2	113239	20
4659	3	113239	20
4660	4	113239	20
4661	5	113239	20
4662	6	113239	20
4663	7	113239	20
4664	8	113239	20
4665	9	113239	20
4666	10	113239	20
4667	11	113239	20
4668	12	113239	20
4669	13	113239	20
4670	14	113239	20
4671	15	113239	20
4672	16	113239	20
4673	17	113239	20
4674	18	113239	20
4675	19	113239	20
4676	20	113239	20
4677	21	113239	20
4679	23	113239	20
4680	24	113239	20
4678	22	113239	50
4681	1	7647	20
4682	2	7647	20
4683	3	7647	20
4684	4	7647	20
4685	5	7647	20
4687	7	7647	20
4688	8	7647	20
4689	9	7647	20
4690	10	7647	20
4691	11	7647	20
4692	12	7647	20
4693	13	7647	20
4694	14	7647	20
4695	15	7647	20
4696	16	7647	20
4697	17	7647	20
4698	18	7647	20
4699	19	7647	20
4700	20	7647	20
4701	21	7647	20
4702	22	7647	20
4703	23	7647	20
4704	24	7647	20
4686	6	7647	50
4705	1	79225	20
4707	3	79225	20
4708	4	79225	20
4709	5	79225	20
4712	8	79225	20
4713	9	79225	20
4714	10	79225	20
4715	11	79225	20
4716	12	79225	20
4717	13	79225	20
4718	14	79225	20
4719	15	79225	20
4720	16	79225	20
4721	17	79225	20
4722	18	79225	20
4723	19	79225	20
4724	20	79225	20
4725	21	79225	20
4726	22	79225	20
4727	23	79225	20
4728	24	79225	20
4706	2	79225	50
4710	6	79225	50
4711	7	79225	50
4729	1	286	20
4730	2	286	20
4731	3	286	20
4732	4	286	20
4733	5	286	20
4734	6	286	20
4735	7	286	20
4736	8	286	20
4738	10	286	20
4739	11	286	20
4740	12	286	20
4741	13	286	20
4742	14	286	20
4743	15	286	20
4745	17	286	20
4746	18	286	20
4747	19	286	20
4748	20	286	20
4749	21	286	20
4750	22	286	20
4751	23	286	20
4752	24	286	20
4737	9	286	50
4744	16	286	50
4753	1	2232	20
4754	2	2232	20
4755	3	2232	20
4756	4	2232	20
4757	5	2232	20
4758	6	2232	20
4760	8	2232	20
4762	10	2232	20
4763	11	2232	20
4764	12	2232	20
4765	13	2232	20
4766	14	2232	20
4767	15	2232	20
4768	16	2232	20
4769	17	2232	20
4770	18	2232	20
4771	19	2232	20
4772	20	2232	20
4773	21	2232	20
4774	22	2232	20
4775	23	2232	20
4776	24	2232	20
4759	7	2232	50
4761	9	2232	50
4777	1	94714	20
4778	2	94714	20
4779	3	94714	20
4780	4	94714	20
4781	5	94714	20
4782	6	94714	20
4783	7	94714	20
4784	8	94714	20
4785	9	94714	20
4786	10	94714	20
4787	11	94714	20
4788	12	94714	20
4789	13	94714	20
4790	14	94714	20
4792	16	94714	20
4793	17	94714	20
4794	18	94714	20
4795	19	94714	20
4796	20	94714	20
4797	21	94714	20
4799	23	94714	20
4800	24	94714	20
4791	15	94714	50
4798	22	94714	50
4801	1	68894	20
4802	2	68894	20
4803	3	68894	20
4804	4	68894	20
4805	5	68894	20
4806	6	68894	20
4807	7	68894	20
4808	8	68894	20
4810	10	68894	20
4811	11	68894	20
4812	12	68894	20
4813	13	68894	20
4814	14	68894	20
4815	15	68894	20
4816	16	68894	20
4817	17	68894	20
4818	18	68894	20
4820	20	68894	20
4821	21	68894	20
4822	22	68894	20
4823	23	68894	20
4824	24	68894	20
4809	9	68894	50
4819	19	68894	50
4825	1	1240	20
4826	2	1240	20
4827	3	1240	20
4828	4	1240	20
4829	5	1240	20
4830	6	1240	20
4831	7	1240	20
4832	8	1240	20
4834	10	1240	20
4835	11	1240	20
4836	12	1240	20
4837	13	1240	20
4838	14	1240	20
4839	15	1240	20
4840	16	1240	20
4841	17	1240	20
4842	18	1240	20
4843	19	1240	20
4844	20	1240	20
4845	21	1240	20
4846	22	1240	20
4847	23	1240	20
4848	24	1240	20
4833	9	1240	50
4849	1	117052	20
4850	2	117052	20
4851	3	117052	20
4852	4	117052	20
4853	5	117052	20
4855	7	117052	20
4856	8	117052	20
4858	10	117052	20
4859	11	117052	20
4860	12	117052	20
4861	13	117052	20
4862	14	117052	20
4863	15	117052	20
4864	16	117052	20
4865	17	117052	20
4866	18	117052	20
4867	19	117052	20
4868	20	117052	20
4869	21	117052	20
4870	22	117052	20
4871	23	117052	20
4872	24	117052	20
4854	6	117052	50
4857	9	117052	50
4873	1	55960	20
4874	2	55960	20
4875	3	55960	20
4876	4	55960	20
4877	5	55960	20
4878	6	55960	20
4879	7	55960	20
4880	8	55960	20
4882	10	55960	20
4883	11	55960	20
4884	12	55960	20
4885	13	55960	20
4886	14	55960	20
4888	16	55960	20
4889	17	55960	20
4890	18	55960	20
4891	19	55960	20
4892	20	55960	20
4893	21	55960	20
4895	23	55960	20
4896	24	55960	20
4881	9	55960	50
4887	15	55960	50
4894	22	55960	50
4897	1	48049	20
4898	2	48049	20
4899	3	48049	20
4900	4	48049	20
4901	5	48049	20
4903	7	48049	20
4904	8	48049	20
4906	10	48049	20
4907	11	48049	20
4908	12	48049	20
4909	13	48049	20
4910	14	48049	20
4911	15	48049	20
4912	16	48049	20
4913	17	48049	20
4914	18	48049	20
4915	19	48049	20
4916	20	48049	20
4917	21	48049	20
4918	22	48049	20
4919	23	48049	20
4920	24	48049	20
4902	6	48049	50
4905	9	48049	50
4921	1	96137	20
4922	2	96137	20
4923	3	96137	20
4924	4	96137	20
4925	5	96137	20
4927	7	96137	20
4928	8	96137	20
4930	10	96137	20
4931	11	96137	20
4932	12	96137	20
4933	13	96137	20
4934	14	96137	20
4935	15	96137	20
4936	16	96137	20
4937	17	96137	20
4938	18	96137	20
4939	19	96137	20
4940	20	96137	20
4941	21	96137	20
4942	22	96137	20
4943	23	96137	20
4944	24	96137	20
4929	9	96137	50
4926	6	96137	50
4945	1	81495	20
4946	2	81495	20
4947	3	81495	20
4948	4	81495	20
4949	5	81495	20
4950	6	81495	20
4951	7	81495	20
4952	8	81495	20
4954	10	81495	20
4955	11	81495	20
4956	12	81495	20
4957	13	81495	20
4958	14	81495	20
4959	15	81495	20
4960	16	81495	20
4961	17	81495	20
4962	18	81495	20
4963	19	81495	20
4964	20	81495	20
4965	21	81495	20
4966	22	81495	20
4967	23	81495	20
4968	24	81495	20
4953	9	81495	50
4969	1	74992	20
4971	3	74992	20
4972	4	74992	20
4973	5	74992	20
4974	6	74992	20
4975	7	74992	20
4976	8	74992	20
4977	9	74992	20
4978	10	74992	20
4980	12	74992	20
4981	13	74992	20
4982	14	74992	20
4984	16	74992	20
4985	17	74992	20
4986	18	74992	20
4987	19	74992	20
4988	20	74992	20
4989	21	74992	20
4990	22	74992	20
4991	23	74992	20
4992	24	74992	20
4970	2	74992	50
4979	11	74992	50
4983	15	74992	50
4993	1	57544	20
4995	3	57544	20
4996	4	57544	20
4997	5	57544	20
4998	6	57544	20
4999	7	57544	20
5000	8	57544	20
5002	10	57544	20
5003	11	57544	20
5004	12	57544	20
5005	13	57544	20
5006	14	57544	20
5007	15	57544	20
5008	16	57544	20
4994	2	57544	50
5001	9	57544	50
5009	17	57544	20
5010	18	57544	20
5011	19	57544	20
5012	20	57544	20
5013	21	57544	20
5014	22	57544	20
5015	23	57544	20
5016	24	57544	20
5017	1	22483	20
5019	3	22483	20
5020	4	22483	20
5021	5	22483	20
5022	6	22483	20
5023	7	22483	20
5024	8	22483	20
5025	9	22483	20
5026	10	22483	20
5027	11	22483	20
5028	12	22483	20
5029	13	22483	20
5030	14	22483	20
5031	15	22483	20
5032	16	22483	20
5033	17	22483	20
5034	18	22483	20
5035	19	22483	20
5036	20	22483	20
5037	21	22483	20
5038	22	22483	20
5039	23	22483	20
5040	24	22483	20
5018	2	22483	50
5041	1	113238	20
5042	2	113238	20
5043	3	113238	20
5044	4	113238	20
5045	5	113238	20
5046	6	113238	20
5047	7	113238	20
5048	8	113238	20
5050	10	113238	20
5051	11	113238	20
5052	12	113238	20
5053	13	113238	20
5054	14	113238	20
5055	15	113238	20
5056	16	113238	20
5057	17	113238	20
5058	18	113238	20
5059	19	113238	20
5060	20	113238	20
5061	21	113238	20
5063	23	113238	20
5064	24	113238	20
5049	9	113238	50
5062	22	113238	50
5065	1	46070	20
5066	2	46070	20
5067	3	46070	20
5068	4	46070	20
5069	5	46070	20
5070	6	46070	20
5072	8	46070	20
5074	10	46070	20
5075	11	46070	20
5077	13	46070	20
5078	14	46070	20
5079	15	46070	20
5080	16	46070	20
5081	17	46070	20
5082	18	46070	20
5083	19	46070	20
5084	20	46070	20
5085	21	46070	20
5086	22	46070	20
5087	23	46070	20
5088	24	46070	20
5071	7	46070	50
5073	9	46070	50
5076	12	46070	50
5089	1	7002	20
5090	2	7002	20
5091	3	7002	20
5092	4	7002	20
5093	5	7002	20
5094	6	7002	20
5095	7	7002	20
5096	8	7002	20
5098	10	7002	20
5099	11	7002	20
5100	12	7002	20
5101	13	7002	20
5102	14	7002	20
5103	15	7002	20
5104	16	7002	20
5105	17	7002	20
5106	18	7002	20
5107	19	7002	20
5108	20	7002	20
5109	21	7002	20
5112	24	7002	20
5097	9	7002	50
5110	22	7002	50
5111	23	7002	50
5115	3	26998	20
5116	4	26998	20
5117	5	26998	20
5118	6	26998	20
5119	7	26998	20
5120	8	26998	20
5121	9	26998	20
5122	10	26998	20
5123	11	26998	20
5124	12	26998	20
5125	13	26998	20
5126	14	26998	20
5127	15	26998	20
5128	16	26998	20
5130	18	26998	20
5131	19	26998	20
5132	20	26998	20
5133	21	26998	20
5134	22	26998	20
5135	23	26998	20
5136	24	26998	20
5113	1	26998	50
5114	2	26998	50
5129	17	26998	50
5137	1	54176	20
5138	2	54176	20
5139	3	54176	20
5140	4	54176	20
5141	5	54176	20
5143	7	54176	20
5144	8	54176	20
5145	9	54176	20
5146	10	54176	20
5148	12	54176	20
5149	13	54176	20
5150	14	54176	20
5151	15	54176	20
5152	16	54176	20
5153	17	54176	20
5154	18	54176	20
5155	19	54176	20
5156	20	54176	20
5157	21	54176	20
5158	22	54176	20
5159	23	54176	20
5160	24	54176	20
5142	6	54176	50
5147	11	54176	50
5161	1	2678	20
5162	2	2678	20
5163	3	2678	20
5164	4	2678	20
5165	5	2678	20
5167	7	2678	20
5168	8	2678	20
5169	9	2678	20
5170	10	2678	20
5171	11	2678	20
5172	12	2678	20
5173	13	2678	20
5174	14	2678	20
5175	15	2678	20
5176	16	2678	20
5177	17	2678	20
5178	18	2678	20
5179	19	2678	20
5166	6	2678	50
5180	20	2678	20
5181	21	2678	20
5182	22	2678	20
5183	23	2678	20
5184	24	2678	50
5185	1	113600	20
5186	2	113600	20
5187	3	113600	20
5188	4	113600	20
5189	5	113600	20
5190	6	113600	20
5191	7	113600	20
5192	8	113600	20
5193	9	113600	20
5194	10	113600	20
5195	11	113600	20
5196	12	113600	20
5197	13	113600	20
5198	14	113600	20
5200	16	113600	20
5201	17	113600	20
5202	18	113600	20
5203	19	113600	20
5204	20	113600	20
5205	21	113600	20
5207	23	113600	20
5208	24	113600	20
5199	15	113600	50
5206	22	113600	50
5209	1	1022	20
5210	2	1022	20
5211	3	1022	20
5212	4	1022	20
5213	5	1022	20
5215	7	1022	20
5216	8	1022	20
5217	9	1022	20
5218	10	1022	20
5219	11	1022	20
5220	12	1022	20
5221	13	1022	20
5222	14	1022	20
5224	16	1022	20
5225	17	1022	20
5226	18	1022	20
5227	19	1022	20
5228	20	1022	20
5229	21	1022	20
5230	22	1022	20
5231	23	1022	20
5232	24	1022	20
5214	6	1022	50
5223	15	1022	50
5233	1	438	20
5234	2	438	20
5235	3	438	20
5236	4	438	20
5237	5	438	20
5239	7	438	20
5240	8	438	20
5241	9	438	20
5242	10	438	20
5243	11	438	20
5244	12	438	20
5245	13	438	20
5246	14	438	20
5247	15	438	20
5248	16	438	20
5249	17	438	20
5250	18	438	20
5251	19	438	20
5252	20	438	20
5253	21	438	20
5254	22	438	20
5255	23	438	20
5256	24	438	20
5238	6	438	50
5257	1	115818	20
5258	2	115818	20
5260	4	115818	20
5261	5	115818	20
5262	6	115818	20
5263	7	115818	20
5264	8	115818	20
5265	9	115818	20
5268	12	115818	20
5269	13	115818	20
5270	14	115818	20
5271	15	115818	20
5272	16	115818	20
5273	17	115818	20
5274	18	115818	20
5275	19	115818	20
5276	20	115818	20
5277	21	115818	20
5278	22	115818	20
5279	23	115818	20
5280	24	115818	20
5259	3	115818	50
5266	10	115818	50
5267	11	115818	50
5281	1	44282	20
5282	2	44282	20
5283	3	44282	20
5284	4	44282	20
5285	5	44282	20
5286	6	44282	20
5287	7	44282	20
5288	8	44282	20
5290	10	44282	20
5291	11	44282	20
5292	12	44282	20
5293	13	44282	20
5294	14	44282	20
5295	15	44282	20
5296	16	44282	20
5297	17	44282	20
5298	18	44282	20
5299	19	44282	20
5300	20	44282	20
5301	21	44282	20
5302	22	44282	20
5303	23	44282	20
5304	24	44282	20
5289	9	44282	50
5305	1	21174	20
5306	2	21174	20
5307	3	21174	20
5309	5	21174	20
5310	6	21174	20
5311	7	21174	20
5312	8	21174	20
5314	10	21174	20
5315	11	21174	20
5316	12	21174	20
5317	13	21174	20
5318	14	21174	20
5319	15	21174	20
5320	16	21174	20
5321	17	21174	20
5322	18	21174	20
5323	19	21174	20
5324	20	21174	20
5325	21	21174	20
5326	22	21174	20
5327	23	21174	20
5328	24	21174	20
5308	4	21174	50
5313	9	21174	50
5329	1	7662	20
5330	2	7662	20
5331	3	7662	20
5332	4	7662	20
5333	5	7662	20
5335	7	7662	20
5336	8	7662	20
5337	9	7662	20
5338	10	7662	20
5339	11	7662	20
5340	12	7662	20
5341	13	7662	20
5342	14	7662	20
5343	15	7662	20
5344	16	7662	20
5345	17	7662	20
5346	18	7662	20
5347	19	7662	20
5349	21	7662	20
5350	22	7662	20
5351	23	7662	20
5352	24	7662	20
5334	6	7662	50
5348	20	7662	50
5353	1	26943	20
5354	2	26943	20
5355	3	26943	20
5356	4	26943	20
5357	5	26943	20
5358	6	26943	20
5359	7	26943	20
5360	8	26943	20
5362	10	26943	20
5361	9	26943	50
5363	11	26943	20
5364	12	26943	20
5365	13	26943	20
5366	14	26943	20
5367	15	26943	20
5368	16	26943	20
5369	17	26943	20
5370	18	26943	20
5371	19	26943	20
5372	20	26943	20
5373	21	26943	20
5374	22	26943	20
5375	23	26943	20
5376	24	26943	20
5379	3	4793	20
5380	4	4793	20
5381	5	4793	20
5382	6	4793	20
5383	7	4793	20
5384	8	4793	20
5386	10	4793	20
5387	11	4793	20
5388	12	4793	20
5389	13	4793	20
5390	14	4793	20
5391	15	4793	20
5392	16	4793	20
5393	17	4793	20
5394	18	4793	20
5395	19	4793	20
5396	20	4793	20
5397	21	4793	20
5398	22	4793	20
5399	23	4793	20
5400	24	4793	20
5377	1	4793	50
5378	2	4793	50
5385	9	4793	50
5401	1	116409	20
5402	2	116409	20
5403	3	116409	20
5404	4	116409	20
5405	5	116409	20
5407	7	116409	20
5408	8	116409	20
5410	10	116409	20
5411	11	116409	20
5412	12	116409	20
5413	13	116409	20
5414	14	116409	20
5415	15	116409	20
5417	17	116409	20
5418	18	116409	20
5419	19	116409	20
5420	20	116409	20
5421	21	116409	20
5422	22	116409	20
5423	23	116409	20
5424	24	116409	20
5406	6	116409	50
5409	9	116409	50
5416	16	116409	50
5425	1	115747	20
5426	2	115747	20
5427	3	115747	20
5428	4	115747	20
5429	5	115747	20
5430	6	115747	20
5431	7	115747	20
5432	8	115747	20
5433	9	115747	20
5434	10	115747	20
5435	11	115747	20
5436	12	115747	20
5437	13	115747	20
5438	14	115747	20
5440	16	115747	20
5441	17	115747	20
5442	18	115747	20
5444	20	115747	20
5445	21	115747	20
5446	22	115747	20
5447	23	115747	20
5448	24	115747	20
5439	15	115747	50
5443	19	115747	50
5449	1	39063	20
5450	2	39063	20
5451	3	39063	20
5452	4	39063	20
5453	5	39063	20
5454	6	39063	20
5455	7	39063	20
5456	8	39063	20
5457	9	39063	20
5458	10	39063	20
5459	11	39063	20
5460	12	39063	20
5461	13	39063	20
5462	14	39063	20
5463	15	39063	20
5464	16	39063	20
5465	17	39063	20
5466	18	39063	20
5468	20	39063	20
5469	21	39063	20
5471	23	39063	20
5472	24	39063	20
5467	19	39063	50
5470	22	39063	50
5473	1	93551	20
5474	2	93551	20
5475	3	93551	20
5476	4	93551	20
5477	5	93551	20
5479	7	93551	20
5480	8	93551	20
5482	10	93551	20
5483	11	93551	20
5484	12	93551	20
5485	13	93551	20
5486	14	93551	20
5487	15	93551	20
5488	16	93551	20
5489	17	93551	20
5490	18	93551	20
5491	19	93551	20
5492	20	93551	20
5493	21	93551	20
5494	22	93551	20
5495	23	93551	20
5496	24	93551	20
5478	6	93551	50
5481	9	93551	50
5497	1	163	20
5498	2	163	20
5499	3	163	20
5500	4	163	20
5501	5	163	20
5502	6	163	20
5503	7	163	20
5504	8	163	20
5506	10	163	20
5507	11	163	20
5508	12	163	20
5509	13	163	20
5510	14	163	20
5511	15	163	20
5512	16	163	20
5513	17	163	20
5514	18	163	20
5515	19	163	20
5516	20	163	20
5517	21	163	20
5518	22	163	20
5519	23	163	20
5520	24	163	20
5505	9	163	50
5521	1	135588	20
5522	2	135588	20
5523	3	135588	20
5524	4	135588	20
5525	5	135588	20
5526	6	135588	20
5527	7	135588	20
5528	8	135588	20
5531	11	135588	20
5532	12	135588	20
5533	13	135588	20
5534	14	135588	20
5535	15	135588	20
5536	16	135588	20
5537	17	135588	20
5538	18	135588	20
5539	19	135588	20
5540	20	135588	20
5541	21	135588	20
5542	22	135588	20
5543	23	135588	20
5544	24	135588	20
5529	9	135588	50
5530	10	135588	50
5545	1	116321	20
5547	3	116321	20
5548	4	116321	20
5549	5	116321	20
5551	7	116321	20
5552	8	116321	20
5553	9	116321	20
5554	10	116321	20
5555	11	116321	20
5556	12	116321	20
5557	13	116321	20
5558	14	116321	20
5559	15	116321	20
5560	16	116321	20
5561	17	116321	20
5562	18	116321	20
5563	19	116321	20
5564	20	116321	20
5565	21	116321	20
5566	22	116321	20
5567	23	116321	20
5568	24	116321	20
5546	2	116321	50
5550	6	116321	50
5569	1	134354	20
5570	2	134354	20
5571	3	134354	20
5572	4	134354	20
5573	5	134354	20
5574	6	134354	20
5575	7	134354	20
5576	8	134354	20
5577	9	134354	20
5578	10	134354	20
5579	11	134354	20
5580	12	134354	20
5581	13	134354	20
5582	14	134354	20
5583	15	134354	20
5584	16	134354	20
5585	17	134354	20
5586	18	134354	20
5587	19	134354	20
5588	20	134354	20
5589	21	134354	20
5591	23	134354	20
5592	24	134354	20
5590	22	134354	50
5593	1	5522	20
5594	2	5522	20
5595	3	5522	20
5597	5	5522	20
5598	6	5522	20
5599	7	5522	20
5600	8	5522	20
5602	10	5522	20
5603	11	5522	20
5604	12	5522	20
5605	13	5522	20
5606	14	5522	20
5607	15	5522	20
5608	16	5522	20
5609	17	5522	20
5610	18	5522	20
5611	19	5522	20
5612	20	5522	20
5613	21	5522	20
5615	23	5522	20
5616	24	5522	20
5596	4	5522	50
5601	9	5522	50
5614	22	5522	50
5617	1	37242	20
5618	2	37242	20
5619	3	37242	20
5620	4	37242	20
5621	5	37242	20
5622	6	37242	20
5623	7	37242	20
5624	8	37242	20
5626	10	37242	20
5627	11	37242	20
5628	12	37242	20
5629	13	37242	20
5630	14	37242	20
5631	15	37242	20
5632	16	37242	20
5633	17	37242	20
5634	18	37242	20
5635	19	37242	20
5637	21	37242	20
5638	22	37242	20
5639	23	37242	20
5640	24	37242	20
5625	9	37242	50
5636	20	37242	50
5641	1	95346	20
5642	2	95346	20
5643	3	95346	20
5644	4	95346	20
5645	5	95346	20
5646	6	95346	20
5647	7	95346	20
5648	8	95346	20
5650	10	95346	20
5651	11	95346	20
5652	12	95346	20
5653	13	95346	20
5654	14	95346	20
5655	15	95346	20
5656	16	95346	20
5657	17	95346	20
5658	18	95346	20
5659	19	95346	20
5660	20	95346	20
5661	21	95346	20
5663	23	95346	20
5664	24	95346	20
5649	9	95346	50
5662	22	95346	50
5665	1	2268	20
5666	2	2268	20
5667	3	2268	20
5668	4	2268	20
5669	5	2268	20
5670	6	2268	20
5671	7	2268	20
5672	8	2268	20
5673	9	2268	20
5674	10	2268	20
5675	11	2268	20
5676	12	2268	20
5677	13	2268	20
5678	14	2268	20
5680	16	2268	20
5682	18	2268	20
5683	19	2268	20
5684	20	2268	20
5685	21	2268	20
5687	23	2268	20
5688	24	2268	20
5679	15	2268	50
5681	17	2268	50
5686	22	2268	50
5689	1	3622	20
5690	2	3622	20
5691	3	3622	20
5692	4	3622	20
5693	5	3622	20
5695	7	3622	20
5696	8	3622	20
5698	10	3622	20
5699	11	3622	20
5700	12	3622	20
5701	13	3622	20
5702	14	3622	20
5703	15	3622	20
5704	16	3622	20
5705	17	3622	20
5706	18	3622	20
5707	19	3622	20
5708	20	3622	20
5709	21	3622	20
5710	22	3622	20
5711	23	3622	20
5712	24	3622	20
5694	6	3622	50
5697	9	3622	50
5713	1	41847	20
5714	2	41847	20
5715	3	41847	20
5716	4	41847	20
5717	5	41847	20
5719	7	41847	20
5720	8	41847	20
5721	9	41847	20
5722	10	41847	20
5723	11	41847	20
5724	12	41847	20
5725	13	41847	20
5726	14	41847	20
5727	15	41847	20
5728	16	41847	20
5718	6	41847	50
5729	17	41847	20
5730	18	41847	20
5731	19	41847	20
5732	20	41847	20
5733	21	41847	20
5734	22	41847	20
5735	23	41847	20
5736	24	41847	20
5760	24	26106	9
5755	19	26106	168
5740	4	26106	9
5761	1	3155	20
5762	2	3155	20
5763	3	3155	20
5764	4	3155	20
5765	5	3155	20
5766	6	3155	20
5767	7	3155	20
5768	8	3155	20
5769	9	3155	20
5770	10	3155	20
5771	11	3155	20
5772	12	3155	20
5773	13	3155	20
5774	14	3155	20
5776	16	3155	20
5777	17	3155	20
5778	18	3155	20
5780	20	3155	20
5781	21	3155	20
5782	22	3155	20
5783	23	3155	20
5784	24	3155	20
5775	15	3155	50
5779	19	3155	50
5785	1	71275	20
5786	2	71275	20
5787	3	71275	20
5788	4	71275	20
5789	5	71275	20
5790	6	71275	20
5791	7	71275	20
5792	8	71275	20
5794	10	71275	20
5795	11	71275	20
5796	12	71275	20
5797	13	71275	20
5798	14	71275	20
5799	15	71275	20
5800	16	71275	20
5801	17	71275	20
5802	18	71275	20
5803	19	71275	20
5804	20	71275	20
5805	21	71275	20
5806	22	71275	20
5807	23	71275	20
5808	24	71275	20
5793	9	71275	50
5809	1	24726	20
5810	2	24726	20
5811	3	24726	20
5812	4	24726	20
5813	5	24726	20
5815	7	24726	20
5816	8	24726	20
5819	11	24726	20
5820	12	24726	20
5821	13	24726	20
5822	14	24726	20
5823	15	24726	20
5824	16	24726	20
5825	17	24726	20
5826	18	24726	20
5827	19	24726	20
5828	20	24726	20
5829	21	24726	20
5830	22	24726	20
5831	23	24726	20
5832	24	24726	20
5814	6	24726	50
5817	9	24726	50
5818	10	24726	50
5835	3	46250	20
5836	4	46250	20
5837	5	46250	20
5838	6	46250	20
5839	7	46250	20
5840	8	46250	20
5841	9	46250	20
5842	10	46250	20
5844	12	46250	20
5845	13	46250	20
5846	14	46250	20
5847	15	46250	20
5848	16	46250	20
5849	17	46250	20
5850	18	46250	20
5851	19	46250	20
5852	20	46250	20
5853	21	46250	20
5854	22	46250	20
5855	23	46250	20
5856	24	46250	20
5833	1	46250	50
5834	2	46250	50
5843	11	46250	50
5857	1	5258	20
5859	3	5258	20
5860	4	5258	20
5861	5	5258	20
5863	7	5258	20
5864	8	5258	20
5866	10	5258	20
5867	11	5258	20
5868	12	5258	20
5869	13	5258	20
5870	14	5258	20
5871	15	5258	20
5872	16	5258	20
5873	17	5258	20
5874	18	5258	20
5875	19	5258	20
5876	20	5258	20
5877	21	5258	20
5878	22	5258	20
5879	23	5258	20
5880	24	5258	20
5858	2	5258	50
5862	6	5258	50
5865	9	5258	50
5881	1	129648	20
5882	2	129648	20
5883	3	129648	20
5884	4	129648	20
5885	5	129648	20
5886	6	129648	20
5887	7	129648	20
5888	8	129648	20
5890	10	129648	20
5891	11	129648	20
5892	12	129648	20
5893	13	129648	20
5894	14	129648	20
5895	15	129648	20
5896	16	129648	20
5897	17	129648	20
5898	18	129648	20
5889	9	129648	50
5747	11	26106	5
5746	10	26106	7
5743	7	26106	8
5753	17	26106	153
5745	9	26106	16
5751	15	26106	9
5757	21	26106	10
5748	12	26106	10
5756	20	26106	8
5749	13	26106	9
5752	16	26106	9
5742	6	26106	8
5759	23	26106	10
5750	14	26106	8
5741	5	26106	14
5758	22	26106	7
5739	3	26106	8
5738	2	26106	13
5744	8	26106	11
5754	18	26106	32
5737	1	26106	8
5899	19	129648	20
5900	20	129648	20
5901	21	129648	20
5902	22	129648	20
5903	23	129648	20
5904	24	129648	20
5905	1	3912	20
5906	2	3912	20
5907	3	3912	20
5908	4	3912	20
5909	5	3912	20
5910	6	3912	20
5912	8	3912	20
5914	10	3912	20
5915	11	3912	20
5916	12	3912	20
5917	13	3912	20
5918	14	3912	20
5919	15	3912	20
5920	16	3912	20
5921	17	3912	20
5922	18	3912	20
5923	19	3912	20
5924	20	3912	20
5925	21	3912	20
5926	22	3912	20
5927	23	3912	20
5928	24	3912	20
5911	7	3912	50
5913	9	3912	50
5931	3	301	20
5932	4	301	20
5933	5	301	20
5934	6	301	20
5935	7	301	20
5936	8	301	20
5937	9	301	20
5938	10	301	20
5939	11	301	20
5940	12	301	20
5941	13	301	20
5942	14	301	20
5943	15	301	20
5944	16	301	20
5945	17	301	20
5946	18	301	20
5948	20	301	20
5949	21	301	20
5950	22	301	20
5951	23	301	20
5952	24	301	20
5929	1	301	50
5930	2	301	50
5947	19	301	50
5953	1	134864	20
5954	2	134864	20
5955	3	134864	20
5956	4	134864	20
5957	5	134864	20
5958	6	134864	20
5959	7	134864	20
5960	8	134864	20
5962	10	134864	20
5963	11	134864	20
5964	12	134864	20
5965	13	134864	20
5966	14	134864	20
5967	15	134864	20
5968	16	134864	20
5969	17	134864	20
5970	18	134864	20
5971	19	134864	20
5972	20	134864	20
5973	21	134864	20
5974	22	134864	20
5975	23	134864	20
5976	24	134864	20
5961	9	134864	50
5978	2	113616	20
5979	3	113616	20
5980	4	113616	20
5981	5	113616	20
5982	6	113616	20
5984	8	113616	20
5986	10	113616	20
5987	11	113616	20
5988	12	113616	20
5989	13	113616	20
5990	14	113616	20
5991	15	113616	20
5992	16	113616	20
5993	17	113616	20
5994	18	113616	20
5995	19	113616	20
5996	20	113616	20
5997	21	113616	20
5998	22	113616	20
5999	23	113616	20
6000	24	113616	20
5977	1	113616	50
5983	7	113616	50
5985	9	113616	50
153	9	112659	22
4576	16	1308	4
4574	14	1308	4
2549	5	603	19
158	14	112659	11
157	13	112659	9
145	1	112659	7
4569	9	1308	21
\.


--
-- Name: movie_keywords_ratings_mkr_id_seq; Type: SEQUENCE SET; Schema: public; Owner: vagrant
--

SELECT pg_catalog.setval('movie_keywords_ratings_mkr_id_seq', 6000, true);


--
-- Data for Name: movies; Type: TABLE DATA; Schema: public; Owner: vagrant
--

COPY movies (movie_id, title, imdb_rating, released_at, poster_url, thumbnail_url, plot, runtime, actors) FROM stdin;
135759	Eye in the Sky	7.29999999999999982	2015-09-11 00:00:00	http://static-api.guidebox.com/111615/thumbnails_movies/-alt--135759-6785846986-8343513505-4102331931-large-400x570-alt-.jpg	http://static-api.guidebox.com/111615/thumbnails_movies_medium/135759-4303477686-286490215-5939099113-medium-240x342-alt-.jpg	Col. Katherine Powell, a military officer in command of an operation to capture terrorists in Kenya, sees her mission escalate when a girl enters the kill zone triggering an international dispute over the implications of modern warfare.	102 min	Faisa Hassan, Aisha Takow, Armaan Haggio, Helen Mirren
134210	Room	8.19999999999999929	2015-10-16 00:00:00	http://static-api.guidebox.com/111615/thumbnails_movies/-alt--134210-5641195364-1817749865-1303747641-large-400x570-alt-.jpg	http://static-api.guidebox.com/111615/thumbnails_movies_medium/134210-6571076936-1017738679-4281095611-medium-240x342-alt-.jpg	A young boy is raised within the confines of a small shed.	118 min	Brie Larson, Jacob Tremblay, Sean Bridgers, Wendy Crewson
135227	The Witch	6.70000000000000018	2015-03-24 00:00:00	http://static-api.guidebox.com/111615/thumbnails_movies/-alt--135227-797752487-7616485953-2289453848-large-400x570-alt-.jpg	http://static-api.guidebox.com/111615/thumbnails_movies_medium/135227-8217815701-5429101502-9261331022-medium-240x342-alt-.jpg	A family in 1630s New England is torn apart by the forces of witchcraft, black magic and possession.	92 min	Anya Taylor-Joy, Ralph Ineson, Kate Dickie, Harvey Scrimshaw
128834	Terminator Genisys	6.5	2015-06-23 00:00:00	http://static-api.guidebox.com/060515/thumbnails_movies/-alt--128834-3285301230-1830354273-7164325458-large-400x570-alt-.jpg	http://static-api.guidebox.com/060515/thumbnails_movies_medium/128834-6261370131-5270804721-9970804303-medium-240x342-alt-.jpg	When John Connor, leader of the human resistance, sends Sgt. Kyle Reese back to 1984 to protect Sarah Connor and safeguard the future, an unexpected turn of events creates a fractured timeline.	126 min	Arnold Schwarzenegger, Jason Clarke, Emilia Clarke, Jai Courtney
129206	Mission Impossible: Rogue Nation	7.40000000000000036	2015-07-23 00:00:00	http://static-api.guidebox.com/060515/thumbnails_movies/-alt--129206-9703927347-4031518954-533198258-large-400x570-alt-.jpg	http://static-api.guidebox.com/060515/thumbnails_movies_medium/129206-5592022086-7586991987-9677964281-medium-240x342-alt-.jpg	Ethan and team take on their most impossible mission yet, eradicating the Syndicate - an International rogue organization as highly skilled as they are, committed to destroying the IMF.	131 min	Tom Cruise, Jeremy Renner, Simon Pegg, Rebecca Ferguson
132455	Spectre	6.79999999999999982	2015-10-26 00:00:00	http://static-api.guidebox.com/060515/thumbnails_movies/-alt--132455-9481510836-6720928536-4483520882-large-400x570-alt-.jpg	http://static-api.guidebox.com/060515/thumbnails_movies_medium/132455-985985441-1500083711-6444715140-medium-240x342-alt-.jpg	A cryptic message from Bond's past sends him on a trail to uncover a sinister organization. While M battles political forces to keep the secret service alive, Bond peels back the layers of deceit to reveal the terrible truth behind SPECTRE.	148 min	Daniel Craig, Christoph Waltz, La Seydoux, Ralph Fiennes
112659	Interstellar	8.59999999999999964	2014-11-05 00:00:00	http://static-api.guidebox.com/022615/thumbnails_movies/-alt--112659-7058153888-2123715375-9311010409-large-400x570-alt-.jpg	http://static-api.guidebox.com/022615/thumbnails_movies_medium/112659-2890660241-7792228088-5750318360-medium-240x342-alt-.jpg	A team of explorers travel through a wormhole in space in an attempt to ensure humanity's survival.	169 min	Ellen Burstyn, Matthew McConaughey, Mackenzie Foy, John Lithgow
117737	Ex Machina	7.70000000000000018	2015-01-21 00:00:00	http://static-api.guidebox.com/060515/thumbnails_movies/-alt--117737-9499295265-9929294483-5826387894-large-400x570-alt-.jpg	http://static-api.guidebox.com/060515/thumbnails_movies_medium/117737-159235816-4003038108-255711433-medium-240x342-alt-.jpg	A young programmer is selected to participate in a ground-breaking experiment in synthetic intelligence by evaluating the human qualities of a breath-taking humanoid A.I.	108 min	Domhnall Gleeson, Corey Johnson, Oscar Isaac, Alicia Vikander
473	Heaven's Gate	6.79999999999999982	1980-11-19 00:00:00	http://static-api.guidebox.com/120214/thumbnails_movies/-alt--473-3895295048-8255992159-5898336349-large-400x570-alt-.jpg	http://static-api.guidebox.com/120214/thumbnails_movies_medium/473-9787621898-7588555328-3822795455-medium-240x342-alt-.jpg	A dramatization of the real-life Johnson County War in 1890 Wyoming, in which a sheriff born into wealth attempts to protect immigrant farmers from rich cattle interests.	325 min	Kris Kristofferson, Christopher Walken, John Hurt, Sam Waterston
79969	Pulp Fiction	8.90000000000000036	1994-10-14 00:00:00	http://static-api.guidebox.com/thumbnails_movies/79969-4764390993-7589536477-2250882834-large-400x570.jpg	http://static-api.guidebox.com/thumbnails_movies_medium/79969-9324796800-264411141-1936581708-medium-240x342.jpg	The lives of two mob hit men, a boxer, a gangster's wife, and a pair of diner bandits intertwine in four tales of violence and redemption.	154 min	Tim Roth, Amanda Plummer, Laura Lovelace, John Travolta
117057	The Age of Adaline	7.20000000000000018	2015-04-16 00:00:00	http://static-api.guidebox.com/022615/thumbnails_movies/117057-5022646869-755554792-5367164835-large-400x570.jpg	http://static-api.guidebox.com/022615/thumbnails_movies_medium/117057-357003715-2791761789-8540820051-medium-240x342.jpg	A young woman, born at the turn of the 20th century, is rendered ageless after an accident. After many solitary years, she meets a man who complicates the eternal life she has settled into.	112 min	Blake Lively, Michiel Huisman, Harrison Ford, Ellen Burstyn
132844	The Hunger Games: Mockingjay Part 2	6.59999999999999964	2015-11-18 00:00:00	http://static-api.guidebox.com/060515/thumbnails_movies/-alt--132844-8009635820-6687817322-4119128888-large-400x570-alt-.jpg	http://static-api.guidebox.com/060515/thumbnails_movies_medium/132844-8560628923-5800029738-7766504618-medium-240x342-alt-.jpg	As the war of Panem escalates to the destruction of other districts, Katniss Everdeen, the reluctant leader of the rebellion, must bring together an army against President Snow, while all she holds dear hangs in the balance.	137 min	Jennifer Lawrence, Josh Hutcherson, Liam Hemsworth, Woody Harrelson
132306	Sicario	7.59999999999999964	2015-09-11 00:00:00	http://static-api.guidebox.com/060515/thumbnails_movies/132306-3152669361-1674781032-4761449993-large-400x570.jpg	http://static-api.guidebox.com/060515/thumbnails_movies_medium/132306-7149943146-7774354308-387047506-medium-240x342.jpg	An idealistic FBI agent is enlisted by a government task force to aid in the escalating war against drugs at the border area between the U.S. and Mexico.	121 min	Emily Blunt, Benicio Del Toro, Josh Brolin, Victor Garber
17874	Ocean's Eleven	7.79999999999999982	2001-12-07 00:00:00	http://static-api.guidebox.com/thumbnails_movies/17874-5905589941-60661189-5061425790-large-400x570.jpg	http://static-api.guidebox.com/thumbnails_movies_medium/17874-279105367-7912836042-1939708796-medium-240x342.jpg	Danny Ocean and his eleven accomplices plan to rob three Las Vegas casinos simultaneously.	116 min	George Clooney, Cecelia Ann Birt, Paul L. Nolan, Carol Florence
1923	Happy Gilmore	7	1996-02-16 00:00:00	http://static-api.guidebox.com/thumbnails_movies/1923-9868045225-6923344168-2589513031-large-400x570.jpg	http://static-api.guidebox.com/thumbnails_movies_medium/1923-8425256903-1597522972-5940168239-large-240x342.jpg	A rejected hockey player puts his skills to the golf course to save his grandmother's house.	92 min	Adam Sandler, Christopher McDonald, Julie Bowen, Frances Bay
132946	Creed	7.70000000000000018	2015-11-25 00:00:00	http://static-api.guidebox.com/111615/thumbnails_movies/-alt--132946-7630202193-4340095818-7648351863-large-400x570-alt-.jpg	http://static-api.guidebox.com/111615/thumbnails_movies_medium/132946-8084261915-8209034870-5464772629-medium-240x342-alt-.jpg	The former World Heavyweight Champion Rocky Balboa serves as a trainer and mentor to Adonis Johnson, the son of his late friend and former rival Apollo Creed.	133 min	Michael B. Jordan, Sylvester Stallone, Tessa Thompson, Phylicia Rashad
117033	San Andreas Quake	2	2015-05-19 00:00:00	http://static-api.guidebox.com/022615/thumbnails_movies/117033-9325130898-8429277250-2584284507-large-400x570.jpg	http://static-api.guidebox.com/022615/thumbnails_movies_medium/117033-364685427-6126206405-7866871939-medium-240x342.jpg	When a discredited L.A. Seismologist warns of an impending 12.7 earthquake, no one takes her seriously. Now on her own, she races desperately to get her family to safety before the earthquake breaks Los Angeles apart from the mainland.	84 min	Jhey Castles, Jason Woods, Grace Van Dien, Elaine Partnow
202	Good Will Hunting	8.30000000000000071	1997-12-05 00:00:00	http://static-api.guidebox.com/thumbnails_movies/202-8222233294-7104592183-7611129125-large-400x570.jpg	http://static-api.guidebox.com/thumbnails_movies_medium/202-2833016897-9307050011-1575234407-large-240x342.jpg	Will Hunting, a janitor at M.I.T., has a gift for mathematics, but needs help from a psychologist to find direction in his life.	126 min	Matt Damon, Robin Williams, Ben Affleck, Stellan Skarsgrd
68711	Hair	7.59999999999999964	1979-03-14 00:00:00	http://static-api.guidebox.com/120214/thumbnails_movies/-alt--68711-7735193064-5173206613-7034951108-large-400x570-alt-.jpg	http://static-api.guidebox.com/120214/thumbnails_movies_medium/68711-5135513986-3952945098-2274748893-medium-240x342-alt-.jpg	Claude leaves the family ranch in Oklahoma for New York where he is rapidly indoctrinated into the youth subculture and subsequently drafted.	121 min	John Savage, Treat Williams, Beverly D'Angelo, Annie Golden
92124	Transformers: Age of Extinction	5.70000000000000018	2014-06-25 00:00:00	http://static-api.guidebox.com/120214/thumbnails_movies/-alt--92124-4403235768-4550905512-7781043374-large-400x570-alt-.jpg	http://static-api.guidebox.com/120214/thumbnails_movies_medium/92124-2010405842-5342907668-1176844063-medium-240x342-alt-.jpg	Autobots must escape sight from a bounty hunter who has taken control of the human serendipity: Unexpectedly, Optimus Prime and his remaining gang turn to a mechanic, his daughter, and her back street racing boyfriend for help.	165 min	Mark Wahlberg, Stanley Tucci, Kelsey Grammer, Nicola Peltz
132524	Trumbo	7.5	2015-10-27 00:00:00	http://static-api.guidebox.com/111615/thumbnails_movies/-alt--132524-7869992018-748919226-1653218419-large-400x570-alt-.jpg	http://static-api.guidebox.com/111615/thumbnails_movies_medium/132524-2564681536-5707880924-2337126211-medium-240x342-alt-.jpg	In 1947, Dalton Trumbo was Hollywood's top screenwriter, until he and other artists were jailed and blacklisted for their political beliefs.	124 min	Bryan Cranston, Michael Stuhlbarg, David Maldonado, John Getz
296	Reservoir Dogs	8.40000000000000036	1992-06-25 00:00:00	http://static-api.guidebox.com/120214/thumbnails_movies/-alt--296-9440238829-9140558466-8704708833-large-400x570-alt-.jpg	http://static-api.guidebox.com/120214/thumbnails_movies_medium/296-4780630097-5154373771-1095653065-medium-240x342-alt-.jpg	After a simple jewelry heist goes terribly wrong, the surviving criminals begin to suspect that one of them is a police informant.	99 min	Harvey Keitel, Tim Roth, Michael Madsen, Chris Penn
55117	Cloverfield	7	2008-01-15 00:00:00	http://static-api.guidebox.com/thumbnails_movies/55117-7098400374-608375813-6336243008-large-400x570.jpg	http://static-api.guidebox.com/thumbnails_movies_medium/55117-8929628422-9001102782-9535442781-medium-240x342.jpg	A group of friends venture deep into the streets of New York on a rescue mission during a rampaging monster attack.	85 min	Lizzy Caplan, Jessica Lucas, T.J. Miller, Michael Stahl-David
1854	Trainspotting	8.19999999999999929	1996-02-23 00:00:00	http://static-api.guidebox.com/thumbnails_movies/1854-422103680-1862782101-9574170657-large-400x570.jpg	http://static-api.guidebox.com/thumbnails_movies_medium/1854-1694989507-6718588215-1180646397-large-240x342.jpg	Renton, deeply immersed in the Edinburgh drug scene, tries to clean up and get out, despite the allure of the drugs and influence of friends.	94 min	Ewan McGregor, Ewen Bremner, Jonny Lee Miller, Kevin McKidd
131162	Bone Tomahawk	7.09999999999999964	2015-10-23 00:00:00	http://static-api.guidebox.com/060515/thumbnails_movies/131162-490482250-4254821455-9541952619-large-400x570.jpg	http://static-api.guidebox.com/060515/thumbnails_movies_medium/131162-1101884293-8972828607-5656658355-medium-240x342.jpg	Four men set out in the Wild West to rescue a group of captives from cannibalistic cave dwellers.	132 min	Kurt Russell, Patrick Wilson, Matthew Fox, Richard Jenkins
18919	Pride & Prejudice	7.79999999999999982	2005-09-16 00:00:00	http://static-api.guidebox.com/thumbnails_movies/18919-2630403643-361434459-3106219843-large-400x570.jpg	http://static-api.guidebox.com/thumbnails_movies_medium/18919-1973637147-9503807891-3369085170-medium-240x342.jpg	Sparks fly when spirited Elizabeth Bennet meets single, rich, and proud Mr. Darcy. But Mr. Darcy reluctantly finds himself falling in love with a woman beneath his class. Can each overcome their own pride and prejudice?	129 min	Keira Knightley, Talulah Riley, Rosamund Pike, Jena Malone
61261	No Country for Old Men	8.09999999999999964	2007-11-08 00:00:00	http://static-api.guidebox.com/thumbnails_movies/61261-2673177715-2456013738-4547039894-large-400x570.jpg	http://static-api.guidebox.com/thumbnails_movies_medium/61261-864462196-4283166602-2602751809-medium-240x342.jpg	Violence and mayhem ensue after a hunter stumbles upon a drug deal gone wrong and more than two million dollars in cash near the Rio Grande.	122 min	Tommy Lee Jones, Javier Bardem, Josh Brolin, Woody Harrelson
135610	Knight of Cups	5.70000000000000018	2015-09-10 00:00:00	http://static-api.guidebox.com/111615/thumbnails_movies/135610-9595608213-3924417077-3136505513-large-400x570.jpg	http://static-api.guidebox.com/111615/thumbnails_movies_medium/135610-864571925-4309647093-6625503506-medium-240x342.jpg	A writer indulging in all that Los Angeles and Las Vegas has to offer undertakes a search for love and self via a series of adventures with six different women.	118 min	Christian Bale, Cate Blanchett, Natalie Portman, Brian Dennehy
134894	Regression	5.70000000000000018	2015-10-01 00:00:00	http://static-api.guidebox.com/111615/thumbnails_movies/134894-1332178605-1030789870-2223194856-large-400x570.jpg	http://static-api.guidebox.com/111615/thumbnails_movies_medium/134894-2413401818-4061642354-6300316048-medium-240x342.jpg	A detective and a psychoanalyst uncover evidence of a satanic cult while investigating the rape of a young woman.	106 min	Ethan Hawke, Emma Watson, David Thewlis, Lothaire Bluteau
129804	Z For Zachariah	6	2015-08-13 00:00:00	http://static-api.guidebox.com/091716/thumbnails_movies/-129804-8709158175-6097641694-571925566-large-400x570.jpg	http://static-api.guidebox.com/091716/thumbnails_movies_medium/129804-8122046855-5089097363-4049967695-medium-240x342.jpg	In the wake of a disaster that wipes out most of civilization, two men and a young woman find themselves in an emotionally charged love triangle as the last known survivors.	98 min	Chiwetel Ejiofor, Margot Robbie, Chris Pine
33542	From Dusk Till Dawn	7.29999999999999982	1996-01-19 00:00:00	http://static-api.guidebox.com/thumbnails_movies/33542-6673569162-9521590960-7197815468-large-400x570.jpg	http://static-api.guidebox.com/thumbnails_movies_medium/33542-5330022634-6401020619-5887665781-medium-240x342.jpg	Two criminals and their hostages unknowingly seek temporary refuge in an establishment populated by vampires, with chaotic results.	108 min	George Clooney, Quentin Tarantino, Harvey Keitel, Juliette Lewis
62222	Kill Bill: Vol. 1	8.09999999999999964	2003-10-10 00:00:00	http://static-api.guidebox.com/thumbnails_movies/62222-3487816965-1386541692-456816555-large-400x570.jpg	http://static-api.guidebox.com/thumbnails_movies_medium/62222-5164990500-4366935231-2473604391-medium-240x342.jpg	The Bride wakens from a four-year coma. The child she carried in her womb is gone. Now she must wreak vengeance on the team of assassins who betrayed her - a team she was once part of.	111 min	Uma Thurman, Lucy Liu, Vivica A. Fox, Daryl Hannah
101745	Hunger Games: Mockingjay Part 1	6.70000000000000018	2014-11-18 00:00:00	http://static-api.guidebox.com/120214/thumbnails_movies/101745-8118858183-1559274397-2766516381-large-400x570.jpg	http://static-api.guidebox.com/120214/thumbnails_movies_medium/101745-2534013293-8839095407-2498520916-medium-240x342.jpg	Katniss Everdeen is in District 13 after she shatters the games forever. Under the leadership of President Coin and the advice of her trusted friends, Katniss spreads her wings as she fights to save Peeta and a nation moved by her courage.	123 min	Jennifer Lawrence, Josh Hutcherson, Liam Hemsworth, Woody Harrelson
94765	Teenage Mutant Ninja Turtles	5.90000000000000036	2014-08-07 00:00:00	http://static-api.guidebox.com/120214/thumbnails_movies/-alt--94765-7035632962-6381513500-8232217356-large-400x570-alt-.jpg	http://static-api.guidebox.com/120214/thumbnails_movies_medium/94765-9728802866-499026166-211305782-medium-240x342-alt-.jpg	When a kingpin threatens New York City, a group of mutated turtle warriors must emerge from the shadows to protect their home.	101 min	Megan Fox, Will Arnett, William Fichtner, Alan Ritchson
76622	2001: A Space Odyssey	8.30000000000000071	1968-04-05 00:00:00	http://static-api.guidebox.com/120214/thumbnails_movies/-alt--76622-6796953701-5291217924-952120633-large-400x570-alt-.jpg	http://static-api.guidebox.com/120214/thumbnails_movies_medium/76622-9941605255-5742620579-27270113-medium-240x342-alt-.jpg	Humanity finds a mysterious, obviously artificial object buried beneath the Lunar surface and, with the intelligent computer H.A.L. 9000, sets off on a quest.	149 min	Keir Dullea, Gary Lockwood, William Sylvester, Daniel Richter
93689	If I Stay	6.79999999999999982	2014-08-21 00:00:00	http://static-api.guidebox.com/120214/thumbnails_movies/-alt--93689-3524941551-3069772162-5118629625-large-400x570-alt-.jpg	http://static-api.guidebox.com/120214/thumbnails_movies_medium/93689-4339456577-4716658769-1884840583-medium-240x342-alt-.jpg	Life changes in an instant for young Mia Hall after a car accident puts her in a coma. During an out-of-body experience, she must decide whether to wake up and live a life far different than she had imagined. The choice is hers if she can go on.	107 min	Chlo Grace Moretz, Mireille Enos, Jamie Blackley, Joshua Leonard
93669	The Expendables 3	6.09999999999999964	2014-08-04 00:00:00	http://static-api.guidebox.com/120214/thumbnails_movies/-alt--93669-2766027949-1972669452-1516983328-large-400x570-alt-.jpg	http://static-api.guidebox.com/120214/thumbnails_movies_medium/93669-4918932836-9549241778-8026568941-medium-240x342-alt-.jpg	Barney augments his team with new blood for a personal battle: to take down Conrad Stonebanks, the Expendables co-founder and notorious arms trader who is hell bent on wiping out Barney and every single one of his associates.	126 min	Sylvester Stallone, Jason Statham, Harrison Ford, Arnold Schwarzenegger
94073	Hercules	6	2014-07-23 00:00:00	http://static-api.guidebox.com/120214/thumbnails_movies/-alt--94073-1504958072-4682888025-7933489522-large-400x570-alt-.jpg	http://static-api.guidebox.com/120214/thumbnails_movies_medium/94073-959545011-358700962-5826205388-medium-240x342-alt-.jpg	Having endured his legendary twelve labors, Hercules, the Greek demigod, has his life as a sword-for-hire tested when the King of Thrace and his daughter seek his aid in defeating a tyrannical warlord.	98 min	Dwayne Johnson, Ian McShane, John Hurt, Rufus Sewell
58645	Sinister	6.79999999999999982	2012-03-29 00:00:00	http://static-api.guidebox.com/120214/thumbnails_movies/-alt--58645-2152220374-8206570185-3841703413-large-400x570-alt-.jpg	http://static-api.guidebox.com/120214/thumbnails_movies_medium/58645-9792296178-2241631435-2989493306-medium-240x342-alt-.jpg	Washed-up true-crime writer Ellison Oswalt finds a box of super 8 home movies that suggest the murder he is currently researching is the work of a serial killer whose work dates back to the 1960s.	110 min	Ethan Hawke, Juliet Rylance, Fred Dalton Thompson, James Ransone
27883	The Warriors	7.70000000000000018	1979-02-09 00:00:00	http://static-api.guidebox.com/thumbnails_movies/27883-6825961810-629901682-6187687185-large-400x570.jpg	http://static-api.guidebox.com/thumbnails_movies_medium/27883-6479552882-9272031681-1965268096-medium-240x342.jpg	In 1979, a charismatic leader summons the street gangs of New York City in a bid to take it over. When he is killed, The Warriors are falsely blamed and now must fight their way home while every other gang is hunting them down to kill them.	92 min	Michael Beck, James Remar, Dorsey Wright, Brian Tyler
129839	American Ultra	6.09999999999999964	2015-08-19 00:00:00	http://static-api.guidebox.com/060515/thumbnails_movies/129839-4327322138-260842611-1118586851-large-400x570.jpg	http://static-api.guidebox.com/060515/thumbnails_movies_medium/129839-155006773-4074456291-4818916237-medium-240x342.jpg	A stoner - who is in fact a government agent - is marked as a liability and targeted for extermination. But he's too well-trained and too high for them to handle.	96 min	Jesse Eisenberg, Kristen Stewart, Topher Grace, Connie Britton
1213	Highlander	7.20000000000000018	1986-03-07 00:00:00	http://static-api.guidebox.com/thumbnails_movies/1213-7849296243-7376567898-7753745350-large-400x570.jpg	http://static-api.guidebox.com/thumbnails_movies_medium/1213-6306492546-8009134028-5458993930-large-240x342.jpg	An immortal Scottish swordsman must confront the last of his immortal opponent, a murderously brutal barbarian who lusts for the fabled "Prize".	116 min	Christopher Lambert, Roxanne Hart, Clancy Brown, Sean Connery
220	The Faculty	6.40000000000000036	1998-12-25 00:00:00	http://static-api.guidebox.com/thumbnails_movies/220-836540093-2586907968-4189587724-large-400x570.jpg	http://static-api.guidebox.com/thumbnails_movies_medium/220-2763360595-583650452-9791825790-large-240x342.jpg	Students suspect that their teachers are aliens after bizarre occurrences.	104 min	Jordana Brewster, Clea DuVall, Laura Harris, Josh Hartnett
2356	Matilda	6.79999999999999982	1996-08-02 00:00:00	http://static-api.guidebox.com/thumbnails_movies/2356-4371812744-179544618-2541299863-large-400x570.jpg	http://static-api.guidebox.com/thumbnails_movies_medium/2356-1635749364-3198723928-2004619222-medium-240x342.jpg	Story of a wonderful little girl, who happens to be a genius, and her wonderful teacher vs. the worst parents ever and the worst school principal imaginable.	102 min	Mara Wilson, Danny DeVito, Rhea Perlman, Embeth Davidtz
93716	Tusk	5.40000000000000036	2014-09-19 00:00:00	http://static-api.guidebox.com/120214/thumbnails_movies/-93716-1705734474-828851057-440277555-large-400x570.jpg	http://static-api.guidebox.com/120214/thumbnails_movies_medium/93716-3037864869-8033020044-7862131973-medium-240x342.jpg	N/A	102 min	Michael Parks, Justin Long, Genesis Rodriguez, Haley Joel Osment
50242	Kill Bill: Vol. 2	8	2004-04-16 00:00:00	http://static-api.guidebox.com/thumbnails_movies/50242-3846496730-3886371814-3799942918-large-400x570.jpg	http://static-api.guidebox.com/thumbnails_movies_medium/50242-2698887484-6093958779-6176172392-medium-240x342.jpg	The Bride continues her quest of vengeance against her former boss and lover Bill, the reclusive bouncer Budd and the treacherous, one-eyed Elle.	137 min	Vivica A. Fox, Ambrosia Kelley, Michael Parks, James Parks
61765	Wayne's World	7	1992-02-14 00:00:00	http://static-api.guidebox.com/thumbnails_movies/61765-5614287229-165999756-4701169343-large-400x570.jpg	http://static-api.guidebox.com/thumbnails_movies_medium/61765-375910812-1068334906-3530469365-medium-240x342.jpg	Two slacker friends try to promote their public-access cable show.	94 min	Mike Myers, Dana Carvey, Rob Lowe, Tia Carrere
72152	Pearl Harbor	6.09999999999999964	2001-05-21 00:00:00	http://static-api.guidebox.com/thumbnails_movies/72152-4825159935-6974771968-8112792992-large-400x570.jpg	http://static-api.guidebox.com/thumbnails_movies_medium/72152-3383117342-6647720230-745109679-medium-240x342.jpg	Pearl Harbor follows the story of two best friends, Rafe and Danny, and their love lives as they go off to join the war.	183 min	Ben Affleck, Josh Hartnett, Kate Beckinsale, William Lee Scott
133154	Scouts Guide to the Zombie Apocalypse	6.29999999999999982	2015-10-23 00:00:00	http://static-api.guidebox.com/060515/thumbnails_movies/133154-1875444050-1833598265-4009969295-large-400x570.jpg	http://static-api.guidebox.com/060515/thumbnails_movies_medium/133154-6568979556-3116271231-5461377706-medium-240x342.jpg	Three scouts, on the eve of their last camp-out, discover the true meaning of friendship when they attempt to save their town from a zombie outbreak.	93 min	Tye Sheridan, Logan Miller, Joey Morgan, Sarah Dumont
134697	Macbeth	6.70000000000000018	2015-08-16 00:00:00	http://static-api.guidebox.com/111615/thumbnails_movies/134697-619019745-4790556682-5145536838-large-400x570.jpg	http://static-api.guidebox.com/111615/thumbnails_movies_medium/134697-9282334246-12896257-4776025177-medium-240x342.jpg	Macbeth, the Thane of Glamis, receives a prophecy from a trio of witches that one day he will become King of Scotland. Consumed by ambition and spurred to action by his wife, Macbeth murders his king and takes the throne for himself.	113 min	Jack Madigan, Frank Madigan, Michael Fassbender, Marion Cotillard
47801	Amelie	8.40000000000000036	2001-04-25 00:00:00	http://static-api.guidebox.com/thumbnails_movies/47801-7109067361-585861803-2368339962-large-400x570.jpg	http://static-api.guidebox.com/thumbnails_movies_medium/47801-1547233416-5449471530-8770016352-medium-240x342.jpg	Amlie is an innocent and naive girl in Paris with her own sense of justice. She decides to help those around her and, along the way, discovers love.	122 min	Audrey Tautou, Mathieu Kassovitz, Rufus, Lorella Cravotta
62801	Hackers	6.20000000000000018	1995-09-14 00:00:00	http://static-api.guidebox.com/thumbnails_movies/62801-5949583552-9542429121-5458277818-large-400x570.jpg	http://static-api.guidebox.com/thumbnails_movies_medium/62801-8732741712-2369597811-6433610287-medium-240x342.jpg	A young boy is arrested by the U.S. Secret Service for writing a computer virus and is banned from using a computer until his 18th birthday. Years later, he and his new-found friends ...	107 min	Jonny Lee Miller, Angelina Jolie, Jesse Bradford, Matthew Lillard
61397	The Mist	7.20000000000000018	2007-11-21 00:00:00	http://static-api.guidebox.com/thumbnails_movies/61397-5617829114-6884396337-5612122710-large-400x570.jpg	http://static-api.guidebox.com/thumbnails_movies_medium/61397-8862026985-4732889603-1054630792-medium-240x342.jpg	A freak storm unleashes a species of blood-thirsty creatures on a small town, where a small band of citizens hole up in a supermarket and fight for their lives.	126 min	Thomas Jane, Marcia Gay Harden, Laurie Holden, Andre Braugher
132550	Heist	6.09999999999999964	2015-11-13 00:00:00	http://static-api.guidebox.com/060515/thumbnails_movies/132550-9508108543-2166433917-4012358254-large-400x570.jpg	http://static-api.guidebox.com/060515/thumbnails_movies_medium/132550-4922309644-4676079908-9164882362-medium-240x342.jpg	A father is without the means to pay for his daughter's medical treatment. As a last resort, he partners with a greedy co-worker to rob a casino. When things go awry they're forced to hijack a city bus.	93 min	Kate Bosworth, Morris Chestnut, Lydia Hull, Stephen C. Sepher
136328	The Adderall Diaries	5.20000000000000018	2015-04-16 00:00:00	http://static-api.guidebox.com/111615/thumbnails_movies/136328-3354220786-6311220680-3889987562-large-400x570.jpg	http://static-api.guidebox.com/111615/thumbnails_movies_medium/136328-2787419418-620216076-8204597532-medium-240x342.jpg	N/A	87 min	Amber Heard, James Franco, Ed Harris, Christian Slater
160	Carrie	7.40000000000000036	1976-11-03 00:00:00	http://static-api.guidebox.com/thumbnails_movies/160-7826238004-8418795797-987610701-large-400x570.jpg	http://static-api.guidebox.com/thumbnails_movies_medium/160-3370231656-9894806733-7508585052-large-240x342.jpg	Carrie White, a shy, friendless 17 year-old girl who is sheltered by her domineering, religious mother, unleashes her telekinetic powers after being humiliated by her classmates at her senior prom.	98 min	Sissy Spacek, Piper Laurie, Amy Irving, William Katt
128978	Dark Places	6.20000000000000018	2015-03-31 00:00:00	http://static-api.guidebox.com/060515/thumbnails_movies/-alt--128978-9658176559-3233775390-3923105383-large-400x570-alt-.jpg	http://static-api.guidebox.com/060515/thumbnails_movies_medium/128978-534445793-3615805074-6507635093-medium-240x342-alt-.jpg	Libby Day was only eight years old when her family was brutally murdered in their rural Kansas farmhouse. Almost thirty years later, she reluctantly agrees to revisit the crime and uncovers the wrenching truths that led up to that tragic night.	113 min	Charlize Theron, Sterling Jerins, Nicholas Hoult, Christina Hendricks
92410	Under the Skin	6.29999999999999982	2014-03-14 00:00:00	http://static-api.guidebox.com/120214/thumbnails_movies/-alt--92410-1308389865-6489169495-5147465281-large-400x570-alt-.jpg	http://static-api.guidebox.com/120214/thumbnails_movies_medium/92410-2196761119-9447844615-4887581668-medium-240x342-alt-.jpg	A mysterious woman seduces lonely men in the evening hours in Scotland. Events lead her to begin a process of self-discovery.	108 min	Scarlett Johansson, Jeremy McWilliams, Lynsey Taylor Mackay, Dougie McConnell
135153	Embrace of the Serpent	8	2015-05-25 00:00:00	http://static-api.guidebox.com/111615/thumbnails_movies/135153-4588210490-2742038993-6477293963-large-400x570.jpg	http://static-api.guidebox.com/111615/thumbnails_movies_medium/135153-1057152632-3874684749-4303718070-medium-240x342.jpg	The story of the relationship between Karamakate, an Amazonian shaman and last survivor of his people, and two scientists who work together over the course of 40 years to search the Amazon for a sacred healing plant.	125 min	Nilbio Torres, Jan Bijvoet, Antonio Bolivar, Brionne Davis
37303	Notting Hill	7	1999-05-13 00:00:00	http://static-api.guidebox.com/thumbnails_movies/37303-7324984530-9344836790-4547612979-large-400x570.jpg	http://static-api.guidebox.com/thumbnails_movies_medium/37303-5085983020-3707984826-418700218-medium-240x342.jpg	The life of a simple bookshop owner changes when he meets the most famous film star in the world.	124 min	Julia Roberts, Hugh Grant, Richard McCabe, Rhys Ifans
119202	Love & Mercy	7.40000000000000036	2014-06-05 00:00:00	http://static-api.guidebox.com/060515/thumbnails_movies/119202-7872740035-289123059-2425241033-large-400x570.jpg	http://static-api.guidebox.com/060515/thumbnails_movies_medium/119202-5694699874-8991218675-6289621526-medium-240x342.jpg	In the 1960s, Beach Boys leader Brian Wilson struggles with emerging psychosis as he attempts to craft his avant-garde pop masterpiece. In the 1980s, he is a broken, confused man under the 24-hour watch of shady therapist Dr. Eugene Landy.	121 min	Paul Dano, John Cusack, Elizabeth Banks, Paul Giamatti
24484	Only God Forgives	5.70000000000000018	2013-05-30 00:00:00	http://static-api.guidebox.com/thumbnails_movies/24484-8693812000-8550133272-915476834-large-400x570.jpg	http://static-api.guidebox.com/thumbnails_movies_medium/24484-1623499995-3840140230-2782957065-medium-240x342.jpg	Julian, a drug-smuggler thriving in Bangkok's criminal underworld, sees his life get even more complicated when his mother compels him to find and kill whoever is responsible for his brother's recent death.	90 min	Ryan Gosling, Kristin Scott Thomas, Vithaya Pansringarm, Gordon Brown
7197	Melancholia	7.09999999999999964	2011-05-26 00:00:00	http://static-api.guidebox.com/thumbnails_movies/7197-5652689245-9735593381-8141805036-large-400x570.jpg	http://static-api.guidebox.com/thumbnails_movies_medium/7197-9053084934-2882952169-5085250866-medium-240x342.jpg	Two sisters find their already strained relationship challenged as a mysterious new planet threatens to collide with Earth.	135 min	Kirsten Dunst, Charlotte Gainsbourg, Alexander Skarsgrd, Brady Corbet
133033	The Transporter Refueled	5.09999999999999964	2015-09-03 00:00:00	http://static-api.guidebox.com/060515/thumbnails_movies/133033-4074678533-9741749907-2531924704-large-400x570.jpg	http://static-api.guidebox.com/060515/thumbnails_movies_medium/133033-5643111905-6659199181-2877162523-medium-240x342.jpg	In the south of France, former special-ops mercenary Frank Martin enters into a game of chess with a femme-fatale and her three sidekicks who are looking for revenge against a sinister Russian kingpin.	96 min	Ed Skrein, Ray Stevenson, Loan Chabanol, Gabriella Wright
135576	Remember	7.40000000000000036	2015-10-23 00:00:00	http://static-api.guidebox.com/111615/thumbnails_movies/135576-8073838744-5621455559-2457815646-large-400x570.jpg	http://static-api.guidebox.com/111615/thumbnails_movies_medium/135576-9655917249-5351368724-763387923-medium-240x342.jpg	N/A	94 min	Christopher Plummer, Kim Roberts, Amanda Smith, Martin Landau
114301	The Voices	6.29999999999999982	2015-02-06 00:00:00	http://static-api.guidebox.com/120214/thumbnails_movies/-alt--114301-7301070289-321222381-5182951912-large-400x570-alt-.jpg	http://static-api.guidebox.com/120214/thumbnails_movies_medium/114301-7494391394-8877212209-3517293669-medium-240x342-alt-.jpg	A likable guy pursues his office crush with the help of his evil talking pets, but things turn sinister when she stands him up for a date.	103 min	Ryan Reynolds, Gemma Arterton, Anna Kendrick, Jacki Weaver
69335	Bronson	7.09999999999999964	2008-10-09 00:00:00	http://static-api.guidebox.com/thumbnails_movies/69335-8947473275-9866295391-3083376428-large-400x570.jpg	http://static-api.guidebox.com/thumbnails_movies_medium/69335-4169094963-1718206429-4515551776-medium-240x342.jpg	A young man who was sentenced to seven years in prison for robbing a post office ends up spending three decades in solitary confinement. During this time, his own personality is supplanted by his alter-ego, Charles Bronson.	92 min	Tom Hardy, Kelly Adams, Luing Andrews, Katy Barker
73217	The Talented Mr. Ripley	7.29999999999999982	1999-12-25 00:00:00	http://static-api.guidebox.com/thumbnails_movies/73217-43458497-2915472971-6170324082-large-400x570.jpg	http://static-api.guidebox.com/thumbnails_movies_medium/73217-6707000434-6920441557-5051723318-medium-240x342.jpg	In late 1950s New York, Tom Ripley, a young underachiever, is sent to Italy to retrieve Dickie Greenleaf, a rich and spoiled millionaire playboy. But when the errand fails, Ripley takes extreme measures.	139 min	Matt Damon, Gwyneth Paltrow, Jude Law, Cate Blanchett
1802	Little Monsters	6.09999999999999964	1989-08-25 00:00:00	http://static-api.guidebox.com/thumbnails_movies/1802-3588255723-6149622798-3095726366-large-400x570.jpg	http://static-api.guidebox.com/thumbnails_movies_medium/1802-3622856215-6692945645-2800046597-large-240x342.jpg	A boy discovers an incredible and gruesome world of monsters under his bed.	100 min	Fred Savage, Howie Mandel, Daniel Stern, Margaret Whitton
3891	Adventureland	6.79999999999999982	2009-04-03 00:00:00	http://static-api.guidebox.com/thumbnails_movies/3891-3582811323-5717638717-9819626426-large-400x570.jpg	http://static-api.guidebox.com/thumbnails_movies_medium/3891-9782392303-2250542743-5413706149-medium-240x342.jpg	In the summer of 1987, a college graduate takes a 'nowhere' job at his local amusement park, only to find it's the perfect course to get him prepared for the real world.	107 min	Jesse Eisenberg, Kelsey Ford, Michael Zegen, Ryan McFarland
90353	Blue Ruin	7.09999999999999964	2014-04-25 00:00:00	http://static-api.guidebox.com/120214/thumbnails_movies/-alt--90353-6385680353-7753546945-6845753179-large-400x570-alt-.jpg	http://static-api.guidebox.com/120214/thumbnails_movies_medium/90353-4665724486-4713099944-6860846043-medium-240x342-alt-.jpg	A mysterious outsider's quiet life is turned upside down when he returns to his childhood home to carry out an act of vengeance. Proving himself an amateur assassin, he winds up in a brutal fight to protect his estranged family.	90 min	Macon Blair, Devin Ratray, Amy Hargreaves, Kevin Kolack
540	The Gift	6.70000000000000018	2000-12-22 00:00:00	http://static-api.guidebox.com/thumbnails_movies/540-3107323032-4285702179-758915102-large-400x570.jpg	http://static-api.guidebox.com/thumbnails_movies_medium/540-6623847396-4031658033-814615656-large-240x342.jpg	A woman with extrasensory perception is asked to help find a young woman who has disappeared.	111 min	Cate Blanchett, Giovanni Ribisi, Keanu Reeves, Katie Holmes
113380	Project Almanac	6.40000000000000036	2015-01-30 00:00:00	http://static-api.guidebox.com/022615/thumbnails_movies/-alt--113380-5889727478-2157635121-4517005174-large-400x570-alt-.jpg	http://static-api.guidebox.com/022615/thumbnails_movies_medium/113380-1724878112-2793343486-5187898995-medium-240x342-alt-.jpg	A group of teens discover secret plans of a time machine, and construct one. However, things start to get out of control.	106 min	Jonny Weston, Sofia Black-D'Elia, Sam Lerner, Allen Evangelista
117436	Barely Lethal	5.29999999999999982	2015-04-30 00:00:00	http://static-api.guidebox.com/022615/thumbnails_movies/-alt--117436-1080645565-178433573-2430019728-large-400x570-alt-.jpg	http://static-api.guidebox.com/022615/thumbnails_movies_medium/117436-5640066261-8535172166-8622804489-medium-240x342-alt-.jpg	A teenage special ops agent coveting a "normal" adolescence fakes her own death and enrolls in a suburban high school. She quickly learns that surviving the treacherous waters of high school is more challenging than international espionage.	96 min	Jaime King, Samuel L. Jackson, Madeleine Stack, Eva G. Cooper
54459	Gremlins	7.20000000000000018	1984-06-07 00:00:00	http://static-api.guidebox.com/thumbnails_movies/54459-5813383320-7145182588-626671156-large-400x570.jpg	http://static-api.guidebox.com/thumbnails_movies_medium/54459-9076885832-6536266394-7949148654-medium-240x342.jpg	A boy inadvertently breaks three important rules concerning his new pet and unleashes a horde of malevolently mischievous monsters on a small town.	106 min	Hoyt Axton, John Louie, Keye Luke, Don Steele
77158	Interview with the Vampire	7.59999999999999964	1994-11-11 00:00:00	http://static-api.guidebox.com/thumbnails_movies/77158-4402417890-9624790316-5207115351-large-400x570.jpg	http://static-api.guidebox.com/thumbnails_movies_medium/77158-3145461097-7204066720-2705719108-medium-240x342.jpg	A vampire tells his epic life story: love, betrayal, loneliness, and hunger.	123 min	Brad Pitt, Christian Slater, Virginia McCollam, John McConnell
80799	Monster	7.29999999999999982	2003-11-16 00:00:00	http://static-api.guidebox.com/thumbnails_movies/80799-1604148760-4456083924-3720012987-large-400x570.jpg	http://static-api.guidebox.com/thumbnails_movies_medium/80799-1606253274-6518688314-1116151610-medium-240x342.jpg	Based on the life of Aileen Wuornos, a Daytona Beach prostitute who became a serial killer.	109 min	Charlize Theron, Christina Ricci, Bruce Dern, Lee Tergesen
13999	Saw: The Final Chapter	5.59999999999999964	2010-10-21 00:00:00	http://static-api.guidebox.com/thumbnails_movies/13999-8252029838-7231405228-9828256419-large-400x570.jpg	http://static-api.guidebox.com/thumbnails_movies_medium/13999-515927817-5954035544-3826563014-medium-240x342.jpg	As a deadly battle rages over Jigsaw's brutal legacy, a group of Jigsaw survivors gathers to seek the support of self-help guru and fellow survivor Bobby Dagen, a man whose own dark secrets unleash a new wave of terror.	90 min	Tobin Bell, Costas Mandylor, Betsy Russell, Cary Elwes
650	Star Trek II: The Wrath of Khan	7.70000000000000018	1982-06-03 00:00:00	http://static-api.guidebox.com/thumbnails_movies/650-4192347112-8585264543-7464955398-large-400x570.jpg	http://static-api.guidebox.com/thumbnails_movies_medium/650-294167768-568225724-5229493161-large-240x342.jpg	With the assistance of the Enterprise crew, Admiral Kirk must stop an old nemesis, Khan Noonien Singh, from using the life-generating Genesis Device as the ultimate weapon.	113 min	William Shatner, Leonard Nimoy, DeForest Kelley, James Doohan
15824	Austin Powers: The Spy Who Shagged Me	6.59999999999999964	1999-06-08 00:00:00	http://static-api.guidebox.com/thumbnails_movies/15824-4312705481-2788383975-457054447-large-400x570.jpg	http://static-api.guidebox.com/thumbnails_movies_medium/15824-7514528297-13084361-9234835291-medium-240x342.jpg	Dr. Evil is back...and has invented a new time machine that allows him to go back to the 60's and steal Austin Powers's mojo, inadvertently leaving him "shagless".	95 min	Mike Myers, Heather Graham, Michael York, Robert Wagner
14235	Chicago	7.20000000000000018	2002-12-26 00:00:00	http://static-api.guidebox.com/thumbnails_movies/14235-1217904739-3110808535-4713730882-large-400x570.jpg	http://static-api.guidebox.com/thumbnails_movies_medium/14235-1325685545-397251701-1272383244-medium-240x342.jpg	Murderesses Velma Kelly and Roxie Hart find themselves on death row together and fight for the fame that will keep them from the gallows in 1920s Chicago.	113 min	Taye Diggs, Cliff Saunders, Catherine Zeta-Jones, Rene Zellweger
135531	The Program	6.5	2015-09-16 00:00:00	http://static-api.guidebox.com/111615/thumbnails_movies/135531-7922012112-7352204621-7327133766-large-400x570.jpg	http://static-api.guidebox.com/111615/thumbnails_movies_medium/135531-850177501-6908771302-9614194873-medium-240x342.jpg	An Irish sports journalist becomes convinced that Lance Armstrong's performances during the Tour de France victories are fueled by banned substances. With this conviction, he starts hunting for evidence that will expose Armstrong.	103 min	Ben Foster, Chris O'Dowd, Guillaume Canet, Jesse Plemons
42872	Before Sunrise	8.09999999999999964	1995-01-27 00:00:00	http://static-api.guidebox.com/thumbnails_movies/42872-2503660443-8585265204-6938288035-large-400x570.jpg	http://static-api.guidebox.com/thumbnails_movies_medium/42872-7503929082-9376916941-8812094084-medium-240x342.jpg	A young man and woman meet on a train in Europe, and wind up spending one evening together in Vienna. Unfortunately, both know that this will probably be their only night together.	105 min	Ethan Hawke, Julie Delpy, Andrea Eckert, Hanno Pschl
91997	Tarzan	4.79999999999999982	2013-10-17 00:00:00	http://static-api.guidebox.com/120214/thumbnails_movies/-alt--91997-8704203693-9463277719-3735398124-large-400x570-alt-.jpg	http://static-api.guidebox.com/120214/thumbnails_movies_medium/91997-5099722873-2686638525-8076197016-medium-240x342-alt-.jpg	Tarzan and Jane Porter face a mercenary army dispatched by the evil CEO of Greystoke Energies, a man who took over the company from Tarzan's parents, after they died in a plane crash.	94 min	Kellan Lutz, Spencer Locke, Les Bubb, Joe Cappelletti
477	The Hunt for Red October	7.59999999999999964	1990-03-02 00:00:00	http://static-api.guidebox.com/thumbnails_movies/477-2179077375-9678690740-9926411593-large-400x570.jpg	http://static-api.guidebox.com/thumbnails_movies_medium/477-7625332502-1273688451-1191982208-large-240x342.jpg	In November 1984, the Soviet Union's best submarine captain in their newest sub violates orders and heads for the USA. Is he trying to defect or to start a war?	135 min	Sean Connery, Alec Baldwin, Scott Glenn, Sam Neill
59838	Apollo 13	7.59999999999999964	1995-06-30 00:00:00	http://static-api.guidebox.com/thumbnails_movies/59838-5909505156-6914225425-6409450271-large-400x570.jpg	http://static-api.guidebox.com/thumbnails_movies_medium/59838-5618296764-1305477545-8132116352-medium-240x342.jpg	NASA must devise a strategy to return Apollo 13 to Earth safely after the spacecraft undergoes massive internal damage putting the lives of the three astronauts on board in jeopardy.	140 min	Tom Hanks, Bill Paxton, Kevin Bacon, Gary Sinise
93587	A Most Wanted Man	6.79999999999999982	2014-07-25 00:00:00	http://static-api.guidebox.com/120214/thumbnails_movies/-alt--93587-4766179640-4416349051-7170946407-large-400x570-alt-.jpg	http://static-api.guidebox.com/120214/thumbnails_movies_medium/93587-5421210020-7129420875-3883396844-medium-240x342-alt-.jpg	A Chechen Muslim illegally immigrates to Hamburg, where he gets caught in the international war on terror.	122 min	Grigoriy Dobrygin, Philip Seymour Hoffman, Homayoun Ershadi, Mehdi Dehbi
5108	Tucker & Dale vs. Evil	7.59999999999999964	2010-01-22 00:00:00	http://static-api.guidebox.com/thumbnails_movies/5108-4023650312-3074776284-1785834418-large-400x570.jpg	http://static-api.guidebox.com/thumbnails_movies_medium/5108-3928387659-323397746-9473212636-medium-240x342.jpg	Tucker and Dale are on vacation at their dilapidated mountain cabin when they are attacked by a group of preppy college kids.	89 min	Tyler Labine, Alan Tudyk, Katrina Bowden, Jesse Moss
117056	Hot Pursuit	5.09999999999999964	2015-05-08 00:00:00	http://static-api.guidebox.com/022615/thumbnails_movies/117056-3660359299-9913184419-7002042285-large-400x570.jpg	http://static-api.guidebox.com/022615/thumbnails_movies_medium/117056-3869966092-5455684843-7110977969-medium-240x342.jpg	An uptight and by-the-book cop tries to protect the outgoing widow of a drug boss as they race through Texas pursued by crooked cops and murderous gunmen.	87 min	Reese Witherspoon, Sofa Vergara, Matthew Del Negro, Michael Mosley
129062	The Vatican Tapes	4.59999999999999964	2015-07-24 00:00:00	http://static-api.guidebox.com/060515/thumbnails_movies/129062-6906784582-3218662148-1765878056-large-400x570.jpg	http://static-api.guidebox.com/060515/thumbnails_movies_medium/129062-7226073285-2715889369-7704067211-medium-240x342.jpg	A priest and two Vatican exorcists must do battle with an ancient satanic force to save the soul of a young woman.	91 min	Kathleen Robertson, Alison Lohman, Olivia Taylor Dudley, Djimon Hounsou
136416	Louder Than Bombs	6.70000000000000018	2015-05-18 00:00:00	http://static-api.guidebox.com/111615/thumbnails_movies/136416-1457528160-8059444506-6697418415-large-400x570.jpg	http://static-api.guidebox.com/111615/thumbnails_movies_medium/136416-8659781348-5866437894-8509417153-medium-240x342.jpg	The fractious family of a father and his two sons confront their different feelings and memories of their deceased wife and mother, a famed war photographer.	109 min	Gabriel Byrne, Isabelle Huppert, Jesse Eisenberg, Devin Druid
92362	Behaving Badly	4.40000000000000036	2014-04-14 00:00:00	http://static-api.guidebox.com/120214/thumbnails_movies/-alt--92362-9820493343-3425918031-8675878998-large-400x570-alt-.jpg	http://static-api.guidebox.com/120214/thumbnails_movies_medium/92362-7444458054-3021622296-7848786483-medium-240x342-alt-.jpg	Teenager Rick Stevens has a crush on Nina Pennington. They form a friendship and embark on a rock n' roll journey together while Nina deals with her overbearing boyfriend, Kevin.	97 min	Nat Wolff, Selena Gomez, Mary-Louise Parker, Elisabeth Shue
93061	Coherence	7.20000000000000018	2013-09-19 00:00:00	http://static-api.guidebox.com/120214/thumbnails_movies/-alt--93061-1671608715-3507607714-4627294769-large-400x570-alt-.jpg	http://static-api.guidebox.com/120214/thumbnails_movies_medium/93061-4251363827-8436904656-4357698825-medium-240x342-alt-.jpg	Strange things begin to happen when a group of friends gather for a dinner party on an evening when a comet is passing overhead.	89 min	Emily Baldoni, Maury Sterling, Nicholas Brendon, Lorene Scafaria
12535	Misery	7.79999999999999982	1990-11-28 00:00:00	http://static-api.guidebox.com/thumbnails_movies/12535-6660808418-5904434570-5914512509-large-400x570.jpg	http://static-api.guidebox.com/thumbnails_movies_medium/12535-6843499518-9543888242-2356666341-medium-240x342.jpg	After a famous author is rescued from a car crash by a fan of his novels, he comes to realize that the care he is receiving is only the beginning of a nightmare of captivity and abuse.	107 min	James Caan, Kathy Bates, Richard Farnsworth, Frances Sternhagen
132161	Tangerine	7.09999999999999964	2015-07-10 00:00:00	http://static-api.guidebox.com/060515/thumbnails_movies/132161-3056671000-6148627098-6894980985-large-400x570.jpg	http://static-api.guidebox.com/060515/thumbnails_movies_medium/132161-6812760322-5006266353-8627901310-medium-240x342.jpg	A working girl tears through Tinseltown on Christmas Eve searching for the pimp who broke her heart.	88 min	Kitana Kiki Rodriguez, Mya Taylor, Karren Karagulian, Mickey O'Hagan
38376	The Devil's Advocate	7.5	1997-10-17 00:00:00	http://static-api.guidebox.com/thumbnails_movies/38376-8863745932-5114787132-8351939954-large-400x570.jpg	http://static-api.guidebox.com/thumbnails_movies_medium/38376-4989475142-6672964864-183140147-medium-240x342.jpg	An exceptionally adept Florida lawyer is offered a job to work in New York City for a high-end law firm with a high-end boss - the biggest opportunity of his career to date.	144 min	Keanu Reeves, Al Pacino, Charlize Theron, Jeffrey Jones
89698	Homefront	6.5	2013-11-27 00:00:00	http://static-api.guidebox.com/new_thumbs/thumbnails_movies/89698-5525871329-6526664011-2317666738-large-400x570.jpg	http://static-api.guidebox.com/new_thumbs/thumbnails_movies_medium/89698-6205155370-9777834662-5254714675-medium-240x342.jpg	A former DEA agent moves his family to a quiet town, where he soon tangles with a local meth druglord.	100 min	Jason Statham, James Franco, Izabela Vidovic, Kate Bosworth
13380	Twister	6.29999999999999982	1996-05-09 00:00:00	http://static-api.guidebox.com/thumbnails_movies/13380-5476154601-4830473065-9719209186-large-400x570.jpg	http://static-api.guidebox.com/thumbnails_movies_medium/13380-7563579939-1626303839-8712918078-medium-240x342.jpg	Bill and Jo Harding, advanced storm chasers on the brink of divorce, must join together to create an advanced weather alert system by putting themselves in the cross-hairs of extremely violent tornadoes.	113 min	Helen Hunt, Bill Paxton, Cary Elwes, Jami Gertz
63223	The Boondock Saints	7.90000000000000036	1999-01-22 00:00:00	http://static-api.guidebox.com/thumbnails_movies/63223-7432545051-1216039816-7242514076-large-400x570.jpg	http://static-api.guidebox.com/thumbnails_movies_medium/63223-9137930898-8895914773-3315258911-medium-240x342.jpg	Fraternal twins set out to rid Boston of the evil men operating there while being tracked down by an FBI agent.	108 min	Willem Dafoe, Sean Patrick Flanery, Norman Reedus, David Della Rocco
76611	Chinatown	8.19999999999999929	1974-06-20 00:00:00	http://static-api.guidebox.com/thumbnails_movies/76611-628398294-9825802436-2152771550-large-400x570.jpg	http://static-api.guidebox.com/thumbnails_movies_medium/76611-2477600635-2182547669-57913149-medium-240x342.jpg	A private detective hired to expose an adulterer finds himself caught up in a web of deceit, corruption and murder.	130 min	Jack Nicholson, Faye Dunaway, John Huston, Perry Lopez
134563	99 Homes	7.09999999999999964	2015-09-25 00:00:00	http://static-api.guidebox.com/111615/thumbnails_movies/134563-2632110613-8403899236-1182712736-large-400x570.jpg	http://static-api.guidebox.com/111615/thumbnails_movies_medium/134563-5670479974-3554149638-5684562153-medium-240x342.jpg	A recently unemployed single father struggles to get back his foreclosed home by working for the real estate broker who is the source of his frustration.	112 min	Michael Shannon, Doug Griffin, Randy Austin, Carl Palmer
51799	Dreamcatcher	5.5	2003-03-21 00:00:00	http://static-api.guidebox.com/thumbnails_movies/51799-8787309541-6820302531-7138173976-large-400x570.jpg	http://static-api.guidebox.com/thumbnails_movies_medium/51799-1808210020-8554274574-3806302408-medium-240x342.jpg	Friends on a camping trip discover that the town they're vacationing in is being plagued in an unusual fashion by parasitic aliens from outer space.	134 min	Morgan Freeman, Thomas Jane, Jason Lee, Damian Lewis
30400	Star Trek: The Motion Picture	6.40000000000000036	1979-12-06 00:00:00	http://static-api.guidebox.com/thumbnails_movies/30400-2340996405-4438467682-835700217-large-400x570.jpg	http://static-api.guidebox.com/thumbnails_movies_medium/30400-7284561121-1378415353-2860224494-medium-240x342.jpg	N/A	132 min	William Shatner, Leonard Nimoy, DeForest Kelley, James Doohan
1013	Scary Movie 2	5.20000000000000018	2001-07-04 00:00:00	http://static-api.guidebox.com/thumbnails_movies/1013-9072046950-8917325032-3466904224-large-400x570.jpg	http://static-api.guidebox.com/thumbnails_movies_medium/1013-3005789384-6153465854-6342420350-large-240x342.jpg	Four teens are tricked by their professor into visiting a haunted house for a school project.	83 min	Antony Acker, Mark Barrett, Richard Bellos, Suzanne Bianqui
30064	Before Sunset	8	2004-02-10 00:00:00	http://static-api.guidebox.com/thumbnails_movies/30064-7854844168-3956219005-5950715481-large-400x570.jpg	http://static-api.guidebox.com/thumbnails_movies_medium/30064-2808759706-3112402503-6289804559-medium-240x342.jpg	Nine years after Jesse and Celine first met, they encounter each other again on the French leg of Jesse's book tour.	80 min	Ethan Hawke, Julie Delpy, Vernon Dobtcheff, Louise Lemoine Torrs
562	Traffic	7.59999999999999964	2000-12-27 00:00:00	http://static-api.guidebox.com/thumbnails_movies/562-9169269003-1072211303-8189122895-large-400x570.jpg	http://static-api.guidebox.com/thumbnails_movies_medium/562-4474051986-5578256757-1820621491-large-240x342.jpg	A conservative judge is appointed by the President to spearhead America's escalating war against drugs, only to discover that his teenage daughter is a crack addict. Two DEA agents protect an informant. A jailed drug baron's wife attempts to carry on the family business.	147 min	Benicio Del Toro, Jacob Vargas, Andrew Chavez, Michael Saucedo
603	Rosemary's Baby	8	1968-06-12 00:00:00	http://static-api.guidebox.com/thumbnails_movies/603-2750891610-347946175-2977120313-large-400x570.jpg	http://static-api.guidebox.com/thumbnails_movies_medium/603-583869019-4603677336-9975644662-large-240x342.jpg	A young couple move into an apartment, only to be surrounded by peculiar neighbors and occurrences. When the wife becomes mysteriously pregnant, paranoia over the safety of her unborn child begins to control her life.	136 min	Mia Farrow, John Cassavetes, Ruth Gordon, Sidney Blackmer
48091	The Others	7.59999999999999964	2001-08-10 00:00:00	http://static-api.guidebox.com/thumbnails_movies/48091-8827836983-6320124529-8835120699-large-400x570.jpg	http://static-api.guidebox.com/thumbnails_movies_medium/48091-9017304000-5895285648-579758566-medium-240x342.jpg	A woman who lives in a darkened old house with her two photosensitive children becomes convinced that her family home is haunted.	104 min	Nicole Kidman, Fionnula Flanagan, Christopher Eccleston, Alakina Mann
30757	Annie	6.5	1982-06-18 00:00:00	http://static-api.guidebox.com/thumbnails_movies/30757-3704908900-613566712-1228992334-large-400x570.jpg	http://static-api.guidebox.com/thumbnails_movies_medium/30757-2751121489-9760617488-746347947-medium-240x342.jpg	A young orphan girl's adventures in finding a family that will take her.	127 min	Albert Finney, Carol Burnett, Ann Reinking, Tim Curry
132277	Goodnight Mommy	6.70000000000000018	2014-08-29 00:00:00	http://static-api.guidebox.com/060515/thumbnails_movies/132277-5810116478-2307439773-4655433726-large-400x570.jpg	http://static-api.guidebox.com/060515/thumbnails_movies_medium/132277-2306762496-2835267764-8663822645-medium-240x342.jpg	Twin boys move to a new home with their mother after she has face changing cosmetic surgery, but under her bandages is someone the children don't recognize.	99 min	Lukas Schwarz, Elias Schwarz, Susanne Wuest, Hans Escher
61843	Secretary	7.09999999999999964	2002-01-11 00:00:00	http://static-api.guidebox.com/thumbnails_movies/61843-3544634525-2500397554-6928741070-large-400x570.jpg	http://static-api.guidebox.com/thumbnails_movies_medium/61843-3511153329-426496771-6271697236-medium-240x342.jpg	A young woman, recently released from a mental hospital, gets a job as a secretary to a demanding lawyer, where their employer-employee relationship turns into a sexual, sadomasochistic one.	104 min	James Spader, Maggie Gyllenhaal, Jeremy Davies, Lesley Ann Warren
76140	The Kings of Summer	7.20000000000000018	2013-05-31 00:00:00	http://static-api.guidebox.com/120214/thumbnails_movies/-alt--76140-2738843188-5883879070-3656609804-large-400x570-alt-.jpg	http://static-api.guidebox.com/120214/thumbnails_movies_medium/76140-7675629453-383583601-8808826613-medium-240x342-alt-.jpg	Three teenage friends, in the ultimate act of independence, decide to spend their summer building a house in the woods and living off the land.	95 min	Nick Robinson, Gabriel Basso, Moises Arias, Nick Offerman
59506	Seven Psychopaths	7.20000000000000018	2012-09-07 00:00:00	http://static-api.guidebox.com/thumbnails_movies/59506-4150807876-6818858525-8057560133-large-400x570.jpg	http://static-api.guidebox.com/thumbnails_movies_medium/59506-2041052790-5974032204-6337010520-medium-240x342.jpg	A struggling screenwriter inadvertently becomes entangled in the Los Angeles criminal underworld after his oddball friends kidnap a gangster's beloved Shih Tzu.	110 min	Michael Pitt, Michael Stuhlbarg, Sam Rockwell, Colin Farrell
55184	Syriana	7	2005-11-23 00:00:00	http://static-api.guidebox.com/thumbnails_movies/55184-7013812139-5579301622-7592195789-large-400x570.jpg	http://static-api.guidebox.com/thumbnails_movies_medium/55184-5368225202-7552774530-8973439540-medium-240x342.jpg	A politically-charged epic about the state of the oil industry in the hands of those personally involved and affected by it.	128 min	Kayvan Novak, George Clooney, Amr Waked, Christopher Plummer
447	Clear and Present Danger	6.90000000000000036	1994-08-03 00:00:00	http://static-api.guidebox.com/thumbnails_movies/447-719854935-1112638601-5833766935-large-400x570.jpg	http://static-api.guidebox.com/thumbnails_movies_medium/447-7379746390-3113782485-8452536044-large-240x342.jpg	CIA Analyst Jack Ryan is drawn into an illegal war fought by the US government against a Colombian drug cartel.	141 min	Harrison Ford, Willem Dafoe, Anne Archer, Joaquim de Almeida
53253	Australia	6.59999999999999964	2008-11-18 00:00:00	http://static-api.guidebox.com/thumbnails_movies/53253-6977626378-9625087990-3637042595-large-400x570.jpg	http://static-api.guidebox.com/thumbnails_movies_medium/53253-750766704-5552154588-6230389643-medium-240x342.jpg	Set in northern Australia before World War II, an English aristocrat who inherits a sprawling ranch reluctantly pacts with a stock-man in order to protect her new property from a takeover plot. As the pair drive 2,000 head of cattle over unforgiving landscape, they experience the bombing of Darwin, Australia, by Japanese forces firsthand.	165 min	Shea Adams, Eddie Baroo, Ray Barrett, Tony Barry
382	Deep Impact	6.09999999999999964	1998-05-07 00:00:00	http://static-api.guidebox.com/thumbnails_movies/382-2913995618-8503858680-4875625828-large-400x570.jpg	http://static-api.guidebox.com/thumbnails_movies_medium/382-4996790523-763606825-3048189902-large-240x342.jpg	Unless a comet can be destroyed before colliding with Earth, only those allowed into shelters will survive. Which people will survive?	120 min	Robert Duvall, Ta Leoni, Elijah Wood, Vanessa Redgrave
92322	Locke	7.09999999999999964	2014-04-10 00:00:00	http://static-api.guidebox.com/120214/thumbnails_movies/-alt--92322-7140570464-8089700169-6361441482-large-400x570-alt-.jpg	http://static-api.guidebox.com/120214/thumbnails_movies_medium/92322-9963856693-5697408756-1673971042-medium-240x342-alt-.jpg	Ivan Locke, a dedicated family man and successful construction manager, receives a phone call on the eve of the biggest challenge of his career that sets in motion a series of events that threaten his carefully cultivated existence.	85 min	Tom Hardy, Olivia Colman, Ruth Wilson, Andrew Scott
113331	Wild Card	5.59999999999999964	2015-01-14 00:00:00	http://static-api.guidebox.com/120214/thumbnails_movies/-alt--113331-5545303668-825916110-6918653580-large-400x570-alt-.jpg	http://static-api.guidebox.com/120214/thumbnails_movies_medium/113331-9642143137-5514631793-2318728240-medium-240x342-alt-.jpg	When a Las Vegas bodyguard with lethal skills and a gambling problem gets in trouble with the mob, he has one last play...and it's all or nothing.	92 min	Jason Statham, Michael Angarano, Dominik Garca-Lorido, Hope Davis
132553	Walt Before Mickey	6	2015-04-03 00:00:00	http://static-api.guidebox.com/060515/thumbnails_movies/132553-8697474794-1249925034-3648904744-large-400x570.jpg	http://static-api.guidebox.com/060515/thumbnails_movies_medium/132553-6026507658-5862768986-5348410457-medium-240x342.jpg	Based on the book "Walt Before Mickey" covers the early years of Walt Disney's career.	120 min	Ayla Kell, Jon Heder, Jodie Sweetin, David Henrie
39587	1408	6.79999999999999982	2007-07-12 00:00:00	http://static-api.guidebox.com/thumbnails_movies/39587-7892661853-2091813796-5516899158-large-400x570.jpg	http://static-api.guidebox.com/thumbnails_movies_medium/39587-4036556520-8618738930-7215612051-medium-240x342.jpg	A man who specializes in debunking paranormal occurrences checks into the fabled room 1408 in the Dolphin Hotel. Soon after settling in, he confronts genuine terror.	104 min	John Cusack, Paul Birchard, Margot Leicester, Walter Lewis
133307	Stonewall	4.59999999999999964	2015-09-18 00:00:00	http://static-api.guidebox.com/060515/thumbnails_movies/133307-2141039064-9564229757-1082369355-large-400x570.jpg	http://static-api.guidebox.com/060515/thumbnails_movies_medium/133307-2216251525-7590036499-7918284088-medium-240x342.jpg	A young man's political awakening and coming of age during the days and weeks leading up to the Stonewall Riots.	129 min	Jeremy Irvine, Jonny Beauchamp, Joey King, Caleb Landry Jones
89786	Inside Llewyn Davis	7.40000000000000036	2013-10-06 00:00:00	http://static-api.guidebox.com/120214/thumbnails_movies/-alt--89786-1233519656-774389673-5207895432-large-400x570-alt-.jpg	http://static-api.guidebox.com/120214/thumbnails_movies_medium/89786-9348838441-8981836191-3923205780-medium-240x342-alt-.jpg	A week in the life of a young singer as he navigates the Greenwich Village folk scene of 1961.	104 min	Oscar Isaac, Carey Mulligan, Justin Timberlake, Ethan Phillips
134667	Southbound	5.90000000000000036	2015-09-17 00:00:00	http://static-api.guidebox.com/111615/thumbnails_movies/134667-3934482429-4161589416-592481900-large-400x570.jpg	http://static-api.guidebox.com/111615/thumbnails_movies_medium/134667-30912422-2869812250-6227479870-medium-240x342.jpg	Five interlocking tales of terror follow the fates of a group of weary travellers who confront their worst nightmares - and darkest secrets - over one long night on a desolate stretch of desert highway.	89 min	Chad Villella, Matt Bettinelli-Olpin, Kristina Pesic, Fabianne Therese
21998	The Woman in Black	6.40000000000000036	2012-02-01 00:00:00	http://static-api.guidebox.com/thumbnails_movies/21998-9257219033-9717520270-168486103-large-400x570.jpg	http://static-api.guidebox.com/thumbnails_movies_medium/21998-5973132397-5890576355-2207068270-medium-240x342.jpg	A young lawyer travels to a remote village where he discovers the vengeful ghost of a scorned woman is terrorizing the locals.	95 min	Emma Shorey, Molly Harmon, Ellisa Walker-Reid, Sophie Stuckey
21928	Free Willy	5.90000000000000036	1993-07-16 00:00:00	http://static-api.guidebox.com/thumbnails_movies/21928-3069100981-9242511531-3776339507-large-400x570.jpg	http://static-api.guidebox.com/thumbnails_movies_medium/21928-2288944945-9203511979-1260359809-medium-240x342.jpg	When a boy learns that a beloved killer whale is to be killed by the aquarium owners, the boy risks everything to free the whale.	112 min	Jason James Richter, Lori Petty, Jayne Atkinson, August Schellenberg
130769	Pawn Sacrifice	7	2015-09-16 00:00:00	http://static-api.guidebox.com/060515/thumbnails_movies/130769-4581114072-1519736080-1669800138-large-400x570.jpg	http://static-api.guidebox.com/060515/thumbnails_movies_medium/130769-1762832222-4459776129-5418921299-medium-240x342.jpg	Set during the Cold War, American chess prodigy Bobby Fischer finds himself caught between two superpowers and his own struggles as he challenges the Soviet Empire.	115 min	Tobey Maguire, Liev Schreiber, Michael Stuhlbarg, Peter Sarsgaard
65856	Halloween	6.09999999999999964	2007-08-31 00:00:00	http://static-api.guidebox.com/thumbnails_movies/65856-907107550-2485797811-1060591797-large-400x570.jpg	http://static-api.guidebox.com/thumbnails_movies_medium/65856-2982341745-2410208276-9438954615-medium-240x342.jpg	After being committed for 17 years, Michael Myers, now a grown man and still very dangerous, escapes from the mental institution (where he was committed as a 10 year old) and he immediately returns to Haddonfield, where he wants to find his baby sister, Laurie. Anyone who crosses his path is in mortal danger.	109 min	Malcolm McDowell, Brad Dourif, Tyler Mane, Daeg Faerch
116884	Maggie	5.59999999999999964	2015-05-08 00:00:00	http://static-api.guidebox.com/022615/thumbnails_movies/-alt--116884-1626918065-9843930942-2613325902-large-400x570-alt-.jpg	http://static-api.guidebox.com/022615/thumbnails_movies_medium/116884-3309038328-9863777970-3636945514-medium-240x342-alt-.jpg	A teenage girl in the Midwest becomes infected by an outbreak of a disease that slowly turns the infected into cannibalistic zombies. During her transformation, her loving father stays by her side.	95 min	Arnold Schwarzenegger, Abigail Breslin, Joely Richardson, Douglas M. Griffin
19924	The Texas Chainsaw Massacre	7.5	1974-10-01 00:00:00	http://static-api.guidebox.com/thumbnails_movies/19924-5241143396-1202583407-8295077514-large-400x570.jpg	http://static-api.guidebox.com/thumbnails_movies_medium/19924-8107215301-4068232766-6138265910-medium-240x342.jpg	Two siblings visit their grandfather's grave in Texas along with three of their friends and are attacked by a family of cannibalistic psychopaths.	83 min	Marilyn Burns, Allen Danziger, Paul A. Partain, William Vail
104198	Selma	7.5	2014-12-25 00:00:00	http://static-api.guidebox.com/120214/thumbnails_movies/104198-690887813-3575554467-3126838245-large-400x570.jpg	http://static-api.guidebox.com/120214/thumbnails_movies_medium/104198-3002426047-4566793675-8575624725-medium-240x342.jpg	A chronicle of Martin Luther King's campaign to secure equal voting rights via an epic march from Selma to Montgomery, Alabama in 1965.	128 min	David Oyelowo, Carmen Ejogo, Jim France, Trinity Simone
94906	The Captive	5.90000000000000036	2014-06-10 00:00:00	http://static-api.guidebox.com/120214/thumbnails_movies/-alt--94906-1729605696-5220006523-6425193781-large-400x570-alt-.jpg	http://static-api.guidebox.com/120214/thumbnails_movies_medium/94906-3929277845-7295125299-1743853889-medium-240x342-alt-.jpg	Eight years after the disappearance of Cassandra, some disturbing incidents seem to indicate that she's still alive. Police, parents and Cassandra herself, will try to unravel the mystery of her disappearance.	112 min	Kevin Durand, Alexia Fast, Mireille Enos, Rosario Dawson
128853	Mr. Holmes	6.90000000000000036	2015-06-19 00:00:00	http://static-api.guidebox.com/060515/thumbnails_movies/-alt--128853-6853804593-319222599-9320494979-large-400x570-alt-.jpg	http://static-api.guidebox.com/060515/thumbnails_movies_medium/128853-7314015985-3471735381-9707066686-medium-240x342-alt-.jpg	An aged, retired Sherlock Holmes deals with early dementia as he tries to remember both his final case and a mysterious woman whose memory haunts him. He also befriends a fan, the young son of his housekeeper, who wants him to work again.	104 min	Ian McKellen, Laura Linney, Milo Parker, Hiroyuki Sanada
22091	Buried	7	2010-09-24 00:00:00	http://static-api.guidebox.com/thumbnails_movies/22091-2855163403-5350203090-7321126880-large-400x570.jpg	http://static-api.guidebox.com/thumbnails_movies_medium/22091-5695688287-6604243573-3892852212-medium-240x342.jpg	Paul is a U.S. truck driver working in Iraq. After an attack by a group of Iraqis he wakes to find he is buried alive inside a coffin. With only a lighter and a cell phone it's a race against time to escape this claustrophobic death trap.	95 min	Ryan Reynolds, Jos Luis Garca Prez, Robert Paterson, Stephen Tobolowsky
48395	Basic Instinct 2	4.20000000000000018	2006-03-29 00:00:00	http://static-api.guidebox.com/thumbnails_movies/48395-1674263184-1545026796-3071078561-large-400x570.jpg	http://static-api.guidebox.com/thumbnails_movies_medium/48395-9257039860-5565101104-4629726470-medium-240x342.jpg	Novelist Catherine Tramell is once again in trouble with the law, and Scotland Yard appoints psychiatrist Dr. Michael Glass to evaluate her. Though, like Detective Nick Curran before him, Glass is entranced by Tramell and lured into a seductive game.	114 min	Stan Collymore, Sharon Stone, Neil Maskell, David Thewlis
134810	Cassidy Way	4.09999999999999964	2016-02-23 00:00:00	http://static-api.guidebox.com/111615/thumbnails_movies/134810-2478812002-7115570153-8113730382-large-400x570.jpg	http://static-api.guidebox.com/111615/thumbnails_movies_medium/134810-443497608-6942722024-192901125-medium-240x342.jpg	When a film student and her two friends go to Kern County to shoot a documentary, they stumble upon a mysterious family and learn why Pandora's box should never have been opened.	95 min	Randy Wayne, Stan Shaw, Sydney Sweeney, Christopher Rich
13177	The Reader	7.59999999999999964	2008-12-10 00:00:00	http://static-api.guidebox.com/thumbnails_movies/13177-4024439943-3778892593-6840675873-large-400x570.jpg	http://static-api.guidebox.com/thumbnails_movies_medium/13177-1028293251-9446979216-2701133415-medium-240x342.jpg	Post-WWII Germany: Nearly a decade after his affair with an older woman came to a mysterious end, law student Michael Berg re-encounters his former lover as she defends herself in a war-crime trial.	124 min	Ralph Fiennes, David Kross, Jeanette Hain, Kate Winslet
3900	Let the Right One In	8	2008-01-26 00:00:00	http://static-api.guidebox.com/thumbnails_movies/3900-6852898397-727805808-8328871587-large-400x570.jpg	http://static-api.guidebox.com/thumbnails_movies_medium/3900-7172413911-4837598950-2536946032-medium-240x342.jpg	Oskar, an overlooked and bullied boy, finds love and revenge through Eli, a beautiful but peculiar girl.	115 min	Kre Hedebrant, Lina Leandersson, Per Ragnar, Henrik Dahl
133065	Paranormal Activity: The Ghost Dimension	4.59999999999999964	2015-10-21 00:00:00	http://static-api.guidebox.com/060515/thumbnails_movies/133065-4764016354-7421293049-8258446171-large-400x570.jpg	http://static-api.guidebox.com/060515/thumbnails_movies_medium/133065-2155484334-4937986010-9866413781-medium-240x342.jpg	Using a special camera that can see spirits, a family must protect their daughter from an evil entity with a sinister plan.	88 min	Chris J. Murray, Brit Shaw, Ivy George, Dan Gill
37653	Beastly	5.59999999999999964	2011-01-21 00:00:00	http://static-api.guidebox.com/thumbnails_movies/37653-123439157-2843617886-3120494783-large-400x570.jpg	http://static-api.guidebox.com/thumbnails_movies_medium/37653-8881659931-3322571609-9684328171-medium-240x342.jpg	A modern-day take on the "Beauty and the Beast" tale where a New York teen is transformed into a hideous monster in order to find true love.	86 min	Alex Pettyfer, Justin Bradley, Mary-Kate Olsen, Dakota Johnson
114442	The SpongeBob Movie: Sponge Out of Water	6	2015-02-05 00:00:00	http://static-api.guidebox.com/022615/thumbnails_movies/-alt--114442-2346590488-2014922826-3395452872-large-400x570-alt-.jpg	http://static-api.guidebox.com/022615/thumbnails_movies_medium/114442-4574749079-576327369-8620056593-medium-240x342-alt-.jpg	When a diabolical pirate above the sea steals the secret Krabby Patty formula, SpongeBob and his nemesis Plankton must team up in order to get it back.	92 min	Antonio Banderas, Eric Bauza, Tim Conway, Eddie Deezen
132707	Kill Your Friends	6.09999999999999964	2015-11-06 00:00:00	http://static-api.guidebox.com/060515/thumbnails_movies/132707-8924215538-3089515367-6143533205-large-400x570.jpg	http://static-api.guidebox.com/060515/thumbnails_movies_medium/132707-4650333044-1408936354-6302952361-medium-240x342.jpg	An A&R man working at the height of the Britpop music craze goes to extremes in order to find his next hit.	103 min	Nicholas Hoult, James Corden, Georgia King, Craig Roberts
113700	A Most Violent Year	7	2014-12-30 00:00:00	http://static-api.guidebox.com/022615/thumbnails_movies/-alt--113700-7680830685-3663688498-5457695303-large-400x570-alt-.jpg	http://static-api.guidebox.com/022615/thumbnails_movies_medium/113700-3169132872-2829555543-6828723987-medium-240x342-alt-.jpg	In New York City 1981, an ambitious immigrant fights to protect his business and family during the most dangerous year in the city's history.	125 min	Oscar Isaac, Elyes Gabel, Jessica Chastain, Lorna Pruce
36490	Crocodile Dundee 2	5.5	1988-05-19 00:00:00	http://static-api.guidebox.com/thumbnails_movies/36490-9695275169-3295134176-90051233-large-400x570.jpg	http://static-api.guidebox.com/thumbnails_movies_medium/36490-2345852065-9838888063-6185394316-medium-240x342.jpg	Australian outback expert protects his New York love from gangsters who've followed her down under.	108 min	Paul Hogan, Linda Kozlowski, John Meillon, Ernie Dingo
97243	The Gambler	6	2014-12-25 00:00:00	http://static-api.guidebox.com/120214/thumbnails_movies/-alt--97243-6741816965-2034731848-8820315944-large-400x570-alt-.jpg	http://static-api.guidebox.com/120214/thumbnails_movies_medium/97243-2662812611-2398203686-9154808637-medium-240x342-alt-.jpg	Lit professor and gambler Jim Bennett's debt causes him to borrow money from his mother and a loan shark. Further complicating his situation is his relationship with one of his students. Will Bennett risk his life for a second chance?	111 min	Mark Wahlberg, George Kennedy, Griffin Cleveland, Jessica Lange
70717	Final Destination	6.70000000000000018	2000-03-16 00:00:00	http://static-api.guidebox.com/thumbnails_movies/70717-4353495101-209546690-641074260-large-400x570.jpg	http://static-api.guidebox.com/thumbnails_movies_medium/70717-2686137785-8805265720-7378531247-medium-240x342.jpg	After a teenager has a terrifying vision of him and his friends dying in a plane crash, he prevents the accident only to have Death hunt them down, one by one.	98 min	Devon Sawa, Ali Larter, Kerr Smith, Kristen Cloke
28830	Chocolat	7.29999999999999982	2000-12-14 00:00:00	http://static-api.guidebox.com/thumbnails_movies/28830-7906650714-6924453275-9842203222-large-400x570.jpg	http://static-api.guidebox.com/thumbnails_movies_medium/28830-2504276764-6290315734-5291852155-medium-240x342.jpg	A woman and her daughter open a chocolate shop in a small French village that shakes up the rigid morality of the community.	121 min	Alfred Molina, Carrie-Anne Moss, Aurelien Parent Koenig, Antonio Gil
1082	Gosford Park	7.29999999999999982	2001-11-07 00:00:00	http://static-api.guidebox.com/thumbnails_movies/1082-5964477430-2137314887-6382034039-large-400x570.jpg	http://static-api.guidebox.com/thumbnails_movies_medium/1082-9634298463-7182445838-8054424664-large-240x342.jpg	The lives of upstairs guests and downstairs servants at a party in 1932 in a country house in England as they investigate a murder involving one of them.	131 min	Maggie Smith, Michael Gambon, Kristin Scott Thomas, Camilla Rutherford
116974	Slow West	6.90000000000000036	2015-04-16 00:00:00	http://static-api.guidebox.com/022615/thumbnails_movies/-alt--116974-3371823086-9958786447-5400157059-large-400x570-alt-.jpg	http://static-api.guidebox.com/022615/thumbnails_movies_medium/116974-9203405417-7232079259-2188665970-medium-240x342-alt-.jpg	A young Scottish man travels across America in pursuit of the woman he loves, attracting the attention of an outlaw who is willing to serve as a guide.	84 min	Kodi Smit-McPhee, Michael Fassbender, Ben Mendelsohn, Aorere Paki
24925	Crocodile Dundee	6.5	1986-09-26 00:00:00	http://static-api.guidebox.com/thumbnails_movies/24925-2410784052-9793814895-8661728068-large-400x570.jpg	http://static-api.guidebox.com/thumbnails_movies_medium/24925-4795572301-402741582-1912804991-medium-240x342.jpg	An American reporter goes to the Australian outback to meet an eccentric crocodile poacher and invites him to New York City.	97 min	Paul Hogan, Linda Kozlowski, John Meillon, David Gulpilil
130615	Captive	5.29999999999999982	2015-09-17 00:00:00	http://static-api.guidebox.com/060515/thumbnails_movies/130615-4524152949-7475725892-8470464577-large-400x570.jpg	http://static-api.guidebox.com/060515/thumbnails_movies_medium/130615-7889658417-2453059801-3174194945-medium-240x342.jpg	N/A	97 min	Elle Graham, Kate Mara, Claudia Church, Gina Stewart
131161	Mississippi Grind	6.29999999999999982	2015-07-04 00:00:00	http://static-api.guidebox.com/060515/thumbnails_movies/131161-1244251393-4799934076-7995628877-large-400x570.jpg	http://static-api.guidebox.com/060515/thumbnails_movies_medium/131161-6535148672-1710281461-9062118013-medium-240x342.jpg	Down on his luck and facing financial hardship, Gerry teams up with younger charismatic poker player, Curtis, in an attempt to change his luck. The two set off on a road trip through the South with visions of winning back what's been lost.	108 min	Ben Mendelsohn, Yvonne Landry, Anthony Howard, Ryan Reynolds
31423	Flashdance	6.09999999999999964	1983-04-14 00:00:00	http://static-api.guidebox.com/thumbnails_movies/31423-336740185-4748004125-9316307143-large-400x570.jpg	http://static-api.guidebox.com/thumbnails_movies_medium/31423-3135812823-7774866326-8389544426-medium-240x342.jpg	A Pittsburgh woman with two jobs as a welder and an exotic dancer wants to get into ballet school.	95 min	Jennifer Beals, Michael Nouri, Lilia Skala, Sunny Johnson
214	Star Trek: Insurrection	6.40000000000000036	1998-12-10 00:00:00	http://static-api.guidebox.com/thumbnails_movies/214-9098213249-9588578604-8957996037-large-400x570.jpg	http://static-api.guidebox.com/thumbnails_movies_medium/214-301406822-8240930130-4997038459-large-240x342.jpg	When the crew of the Enterprise learn of a Federation conspiracy against the inhabitants of a unique planet, Captain Picard begins an open rebellion.	103 min	Patrick Stewart, Jonathan Frakes, Brent Spiner, LeVar Burton
92396	Palo Alto	6.29999999999999982	2014-05-09 00:00:00	http://static-api.guidebox.com/120214/thumbnails_movies/-alt--92396-1419158704-7746080919-8108930499-large-400x570-alt-.jpg	http://static-api.guidebox.com/120214/thumbnails_movies_medium/92396-8355916706-7115160897-1659456217-medium-240x342-alt-.jpg	The life and struggles of a group of adolescencents living in Palo Alto.	100 min	Jack Kilmer, Nat Wolff, Emma Roberts, Olivia Crocicchia
96132	Men, Women & Children	6.70000000000000018	2014-10-17 00:00:00	http://static-api.guidebox.com/120214/thumbnails_movies/-alt--96132-2950691087-9922237424-4168272042-large-400x570-alt-.jpg	http://static-api.guidebox.com/120214/thumbnails_movies_medium/96132-8737964453-121528246-6321688453-medium-240x342-alt-.jpg	A group of high school teenagers and their parents attempt to navigate the many ways the Internet has changed their relationships, their communication, their self-image, and their love lives.	119 min	Adam Sandler, Jennifer Garner, Rosemarie DeWitt, Judy Greer
422	Clerks	7.79999999999999982	1994-09-13 00:00:00	http://static-api.guidebox.com/thumbnails_movies/422-3923869124-4831228755-4597710012-large-400x570.jpg	http://static-api.guidebox.com/thumbnails_movies_medium/422-6699037901-8691855115-5238388167-large-240x342.jpg	A day in the lives of two convenience clerks named Dante and Randal as they annoy customers, discuss movies, and play hockey on the store roof.	92 min	Brian O'Halloran, Jeff Anderson, Marilyn Ghigliotti, Lisa Spoonauer
55924	The Time of Your Life	6.40000000000000036	1948-09-03 00:00:00	http://static-api.guidebox.com/thumbnails_movies/55924-9377397690-7750829137-9402318503-large-400x570.jpg	http://static-api.guidebox.com/thumbnails_movies_medium/55924-3043935974-543619055-9989271662-medium-240x342.jpg	A wide variety of persons come into Nick's Pacific Street Saloon, some to ask for work and others just to pass the time.	109 min	James Cagney, William Bendix, Wayne Morris, Jeanne Cagney
8050	Bachelorette	5.29999999999999982	2012-08-06 00:00:00	http://static-api.guidebox.com/thumbnails_movies/8050-1524321488-7636370980-4460483915-large-400x570.jpg	http://static-api.guidebox.com/thumbnails_movies_medium/8050-3312883210-3881574106-1449583369-medium-240x342.jpg	Three friends are asked to be bridesmaids at a wedding of a woman they used to ridicule back in high school.	87 min	Kirsten Dunst, Rebel Wilson, Lizzy Caplan, Paul Corning
92674	The Zero Theorem	6.09999999999999964	2014-01-02 00:00:00	http://static-api.guidebox.com/120214/thumbnails_movies/-alt--92674-4653627980-981672616-6886107717-large-400x570-alt-.jpg	http://static-api.guidebox.com/120214/thumbnails_movies_medium/92674-7239806093-9205271778-1489336798-medium-240x342-alt-.jpg	A hugely talented but socially isolated computer operator is tasked by Management to prove the Zero Theorem: that the universe ends as nothing, rendering life meaningless. But meaning is what he already craves.	107 min	Christoph Waltz, Gwendoline Christie, Rupert Friend, Ray Cooper
211	Shakespeare in Love	7.20000000000000018	1998-12-11 00:00:00	http://static-api.guidebox.com/thumbnails_movies/211-7819724045-9820913523-3155166204-large-400x570.jpg	http://static-api.guidebox.com/thumbnails_movies_medium/211-1026155083-6488113887-7719715438-large-240x342.jpg	A young Shakespeare, out of ideas and short of cash, meets his ideal woman and is inspired to write one of his most famous plays.	123 min	Geoffrey Rush, Tom Wilkinson, Steven O'Donnell, Tim McMullan
12	Our Town	6.79999999999999982	1940-05-24 00:00:00	http://static-api.guidebox.com/thumbnails_movies/12-6621986995-7934079161-5485333237-large-400x570.jpg	http://static-api.guidebox.com/thumbnails_movies_medium/12-106562116-6041527274-4911652366-large-240x342.jpg	Change comes slowly to a small New Hampshire town in the early 20th century. People grow up, get married, live, and die. Milk and the newspaper get delivered every morning, and nobody locks...	90 min	William Holden, Martha Scott, Fay Bainter, Beulah Bondi
81056	Crime Busters	7.20000000000000018	1977-04-01 00:00:00	http://static-api.guidebox.com/thumbnails_movies/81056-4220473226-2476724102-3301323913-large-400x570.jpg	http://static-api.guidebox.com/thumbnails_movies_medium/81056-6161369192-5639633173-2715138053-medium-240x342.jpg	An attempted robbery turns to be an unexpected recruitment when two unemployed men mistakenly break into a police office instead of a store.	98 min	Terence Hill, Bud Spencer, David Huddleston, Luciano Catenacci
23192	Finding Neverland	7.79999999999999982	2004-10-17 00:00:00	http://static-api.guidebox.com/thumbnails_movies/23192-2760657436-380049870-3264257820-large-400x570.jpg	http://static-api.guidebox.com/thumbnails_movies_medium/23192-2853621291-5294039431-6357053821-medium-240x342.jpg	The story of J.M. Barrie's friendship with a family who inspired him to create Peter Pan.	106 min	Johnny Depp, Kate Winslet, Julie Christie, Radha Mitchell
18708	Dark Passage	7.59999999999999964	1947-09-27 00:00:00	http://static-api.guidebox.com/thumbnails_movies/18708-7613201490-9252251596-9620187622-large-400x570.jpg	http://static-api.guidebox.com/thumbnails_movies_medium/18708-244999319-8286698940-6288319779-medium-240x342.jpg	A man convicted of murdering his wife escapes from prison and works with a woman to try and prove his innocence.	106 min	Humphrey Bogart, Lauren Bacall, Bruce Bennett, Agnes Moorehead
115132	Hot Tub Time Machine 2	5.09999999999999964	2015-02-20 00:00:00	http://static-api.guidebox.com/022615/thumbnails_movies/-alt--115132-3106286680-7324721194-6704315296-large-400x570-alt-.jpg	http://static-api.guidebox.com/022615/thumbnails_movies_medium/115132-2084646765-5628034542-6839909321-medium-240x342-alt-.jpg	When Lou finds himself in trouble, Nick and Jacob fire up the hot tub time machine in an attempt to get back to the past. But they inadvertently land in the future with Adam Jr. Now they ...	93 min	Rob Corddry, Craig Robinson, Clark Duke, Adam Scott
271	Chasing Amy	7.29999999999999982	1997-04-04 00:00:00	http://static-api.guidebox.com/thumbnails_movies/271-1571262121-5847263206-7953044902-large-400x570.jpg	http://static-api.guidebox.com/thumbnails_movies_medium/271-339872558-7092051194-7394347228-large-240x342.jpg	Holden and Banky are comic book artists. Everything's going good for them until they meet Alyssa, also a comic book artist. Holden falls for her, but his hopes are crushed when he finds out she's gay.	113 min	Ethan Suplee, Ben Affleck, Scott Mosier, Jason Lee
60478	Bedazzled	6	2000-10-19 00:00:00	http://static-api.guidebox.com/thumbnails_movies/60478-4504467687-2108266959-3918566089-large-400x570.jpg	http://static-api.guidebox.com/thumbnails_movies_medium/60478-6740769595-4510765560-8474137745-medium-240x342.jpg	Hopeless dweeb Elliot Richards is granted 7 wishes by the devil to snare Allison, the girl of his dreams, in exchange for his soul.	93 min	Brendan Fraser, Elizabeth Hurley, Frances O'Connor, Miriam Shor
85030	Pitfall	7.20000000000000018	1948-06-24 00:00:00	http://static-api.guidebox.com/thumbnails_movies/85030-51316019-7848616251-2784588640-large-400x570.jpg	http://static-api.guidebox.com/thumbnails_movies_medium/85030-2102144412-8969641998-557140438-medium-240x342.jpg	Insurance executive John Forbes falls for femme fatale Mona Stevens while her boyfriend is in jail and he suffers serious consequences as a result.	86 min	Dick Powell, Lizabeth Scott, Jane Wyatt, Raymond Burr
135304	Zoombies	3.5	2016-04-29 00:00:00	http://static-api.guidebox.com/111615/thumbnails_movies/135304-4348657792-3511628099-3496514517-large-400x570.jpg	http://static-api.guidebox.com/111615/thumbnails_movies_medium/135304-4657418975-3245178466-9253614391-medium-240x342.jpg	When a strange virus quickly spreads through a safari park and turns all the zoo animals undead, those left in the park must stop the creatures before they escape and zombify the whole city.	87 min	Ione Butler, Andrew Asper, LaLa Nestor, Kim Nielsen
129411	The End of the Tour	7.29999999999999982	2015-07-31 00:00:00	http://static-api.guidebox.com/060515/thumbnails_movies/129411-6073058508-6265913597-7053203806-large-400x570.jpg	http://static-api.guidebox.com/060515/thumbnails_movies_medium/129411-8120975988-2359478520-6259799749-medium-240x342.jpg	The story of the five-day interview between Rolling Stone reporter David Lipsky and acclaimed novelist David Foster Wallace, which took place right after the 1996 publication of Wallace's groundbreaking epic novel, 'Infinite Jest.'	106 min	Joan Cusack, Jesse Eisenberg, Anna Chlumsky, Jason Segel
116780	Mommy	8.09999999999999964	2014-05-22 00:00:00	http://static-api.guidebox.com/022615/thumbnails_movies/-alt--116780-8249216713-6339225620-3068857580-large-400x570-alt-.jpg	http://static-api.guidebox.com/022615/thumbnails_movies_medium/116780-6199229099-4466919140-6368757095-medium-240x342-alt-.jpg	A widowed single mother, raising her violent son alone, finds new hope when a mysterious neighbor inserts herself into their household.	139 min	Anne Dorval, Suzanne Clment, Antoine Olivier Pilon, Patrick Huard
758	Dead Man	7.70000000000000018	1995-05-26 00:00:00	http://static-api.guidebox.com/thumbnails_movies/758-6591736460-5594293671-3271276970-large-400x570.jpg	http://static-api.guidebox.com/thumbnails_movies_medium/758-1125764349-5646805242-1337377346-large-240x342.jpg	On the run after murdering a man, accountant William Blake encounters a strange North American man named Nobody who prepares him for his journey into the spiritual world.	121 min	Johnny Depp, Gary Farmer, Crispin Glover, Lance Henriksen
5671	I Saw the Devil	7.79999999999999982	2010-08-12 00:00:00	http://static-api.guidebox.com/thumbnails_movies/5671-4206499900-8181997132-1508546542-large-400x570.jpg	http://static-api.guidebox.com/thumbnails_movies_medium/5671-4684179211-6108464417-7775170724-medium-240x342.jpg	A secret agent exacts revenge on a serial killer through a series of captures and releases.	141 min	Byung-hun Lee, Min-sik Choi, In-seo Kim, Bo-ra Nam
8070	V/H/S	5.79999999999999982	2012-07-28 00:00:00	http://static-api.guidebox.com/thumbnails_movies/8070-5537538310-7867998020-5605350784-large-400x570.jpg	http://static-api.guidebox.com/thumbnails_movies_medium/8070-8582023824-7122227330-8157220697-medium-240x342.jpg	When a group of misfits are hired by an unknown third party to burglarize a desolate house and acquire a rare VHS tape, they discover more found footage than they bargained for.	116 min	Calvin Reeder, Lane Hughes, Kentucker Audley, Adam Wingard
34844	Sleepover	5.29999999999999982	2004-07-09 00:00:00	http://static-api.guidebox.com/thumbnails_movies/34844-1324455035-2742858725-8155887802-large-400x570.jpg	http://static-api.guidebox.com/thumbnails_movies_medium/34844-8993725120-8387095551-9715301110-medium-240x342.jpg	Four best friends, desperate to improve their social status, enter into an all-night scavenger hunt against the popular clique in their school.	89 min	Alexa PenaVega, Mika Boorem, Jane Lynch, Sam Huntington
1713	Tremors	7.20000000000000018	1990-01-19 00:00:00	http://static-api.guidebox.com/thumbnails_movies/1713-5098855966-1484969571-5074003376-large-400x570.jpg	http://static-api.guidebox.com/thumbnails_movies_medium/1713-3841513558-5357028977-1324936562-large-240x342.jpg	Natives of a small isolated town defend themselves against strange underground creatures which are killing them one by one.	96 min	Kevin Bacon, Fred Ward, Finn Carter, Michael Gross
93495	Life After Beth	5.59999999999999964	2014-08-15 00:00:00	http://static-api.guidebox.com/091414/thumbnails_movies/93495-4246421768-9183090939-431708489-large-400x570.jpg	http://static-api.guidebox.com/091414/thumbnails_movies_medium/93495-6750530000-2121656966-5144481175-medium-240x342.jpg	A young man's recently deceased girlfriend mysteriously returns from the dead, but he slowly realizes she is not the way he remembered her.	89 min	Aubrey Plaza, Dane DeHaan, John C. Reilly, Molly Shannon
94810	Deadly Daycare	5.09999999999999964	2014-10-24 00:00:00	http://static-api.guidebox.com/091414/thumbnails_movies/94810-8875559368-6023714370-8674959479-large-400x570.jpg	http://static-api.guidebox.com/091414/thumbnails_movies_medium/94810-2365297568-7020925460-2801387594-medium-240x342.jpg	After a few years of financial hardship, a young mother (RACHEL) decides to go back to work to help her ex-husband with the mounting bills. With no one to watch their 4-year-old daughter (...	88 min	Kayla Ewell, Christy Carlson Romano, Bryce Johnson, Ariella Nurkovic
54798	Patriot Games	6.90000000000000036	1992-06-04 00:00:00	http://static-api.guidebox.com/thumbnails_movies/54798-2529828758-6288847811-1342276452-large-400x570.jpg	http://static-api.guidebox.com/thumbnails_movies_medium/54798-8927656221-9029532224-7746913801-medium-240x342.jpg	When CIA Analyst Jack Ryan interferes with an IRA assassination, a renegade faction targets him and his family for revenge.	117 min	Harrison Ford, Anne Archer, Patrick Bergin, Sean Bean
113713	'71	7.20000000000000018	2014-10-10 00:00:00	http://static-api.guidebox.com/120214/thumbnails_movies/113713-2213345301-304527004-8316287808-large-400x570.jpg	http://static-api.guidebox.com/120214/thumbnails_movies_medium/113713-9887231159-137680108-6108453208-medium-240x342.jpg	In 1971, a young and disorientated British soldier is accidentally abandoned by his unit following a riot on the deadly streets of Belfast.	99 min	Jack O'Connell, Jack Lowden, Paul Popplewell, Adam Nagaitis
24015	Till the Clouds Roll By	6.5	1946-12-05 00:00:00	http://static-api.guidebox.com/thumbnails_movies/24015-870586727-9357203505-9742908375-large-400x570.jpg	http://static-api.guidebox.com/thumbnails_movies_medium/24015-506463084-4711619411-9948385967-medium-240x342.jpg	Biography of songwriter, Broadway pioneer, Jerome Kern. Unable to find immediate success in the USA, Kern sought recognition abroad. He journeyed to England where his dreams of success became real and where he met his future wife Eva.	132 min	June Allyson, Lucille Bremer, Judy Garland, Kathryn Grayson
48136	JFK	8	1991-12-20 00:00:00	http://static-api.guidebox.com/thumbnails_movies/48136-1086592381-6544408128-8605460161-large-400x570.jpg	http://static-api.guidebox.com/thumbnails_movies_medium/48136-8440350392-3774562595-5534231034-medium-240x342.jpg	A New Orleans DA discovers there's more to the Kennedy assassination than the official story.	189 min	Sally Kirkland, Anthony Ramirez, Ray LePere, Steve Reed
52059	The Spiderwick Chronicles	6.59999999999999964	2008-02-14 00:00:00	http://static-api.guidebox.com/thumbnails_movies/52059-8722856729-7485184329-6089031971-large-400x570.jpg	http://static-api.guidebox.com/thumbnails_movies_medium/52059-1371015539-2507691239-8128923396-medium-240x342.jpg	Upon moving into the run-down Spiderwick Estate with their mother, twin brothers Jared and Simon Grace, along with their sister Mallory, find themselves pulled into an alternate world full of faeries and other creatures.	96 min	Freddie Highmore, Mary-Louise Parker, Nick Nolte, Sarah Bolger
22665	The Mechanic	7	1972-10-06 00:00:00	http://static-api.guidebox.com/thumbnails_movies/22665-1873943275-378974309-8760765981-large-400x570.jpg	http://static-api.guidebox.com/thumbnails_movies_medium/22665-6495432663-4621048397-6701747281-medium-240x342.jpg	An aging hitman befriends a young man who wants to be a professional killer. Eventually it becomes clear that someone has betrayed them.	100 min	Charles Bronson, Jan-Michael Vincent, Keenan Wynn, Jill Ireland
92749	Starred Up	7.40000000000000036	2014-03-21 00:00:00	http://static-api.guidebox.com/120214/thumbnails_movies/-alt--92749-1854300266-7369186985-4523214977-large-400x570-alt-.jpg	http://static-api.guidebox.com/120214/thumbnails_movies_medium/92749-3918792852-483863070-6747446148-medium-240x342-alt-.jpg	Eric Love (O'Connell) is a 19 year old teenager who is so violent he has been 'Starred Up' (Moved to Adult prison) where he finds his father Neville (Mendelsohn) who Eric hasn't seen since ...	106 min	Jack O'Connell, Gilly Gilchrist, Frederick Schmidt, Edna Caskey
117034	While We're Young	6.29999999999999982	2015-03-27 00:00:00	http://static-api.guidebox.com/022615/thumbnails_movies/117034-2289930983-1087106695-2666352331-large-400x570.jpg	http://static-api.guidebox.com/022615/thumbnails_movies_medium/117034-4040419073-6599704572-9441457856-medium-240x342.jpg	A middle-aged couple's career and marriage are overturned when a disarming young couple enters their lives.	97 min	Naomi Watts, Ben Stiller, Maria Dizzia, Adam Horovitz
5357	Monsters	6.40000000000000036	2010-06-18 00:00:00	http://static-api.guidebox.com/120214/thumbnails_movies/-alt--5357-260236715-9987826822-6964117833-large-400x570-alt-.jpg	http://static-api.guidebox.com/120214/thumbnails_movies_medium/5357-455364362-5683702240-9620842137-medium-240x342-alt-.jpg	Six years after Earth has suffered an alien invasion, a cynical journalist agrees to escort a shaken American tourist through an infected zone in Mexico to the safety of the U.S. border.	94 min	Scoot McNairy, Whitney Able, Mario Zuniga Benavides, Annalee Jefferies
95439	Lap Dance	5.59999999999999964	2014-12-05 00:00:00	http://static-api.guidebox.com/120214/thumbnails_movies/95439-3024929497-6162729342-7117954083-large-400x570.jpg	http://static-api.guidebox.com/120214/thumbnails_movies_medium/95439-8078376166-3374410547-6640654630-medium-240x342.jpg	N/A	100 min	Briana Evigan, Carmen Electra, Stacey Dash, Nia Peeples
1308	Punch-Drunk Love	7.29999999999999982	2002-10-25 00:00:00	http://static-api.guidebox.com/thumbnails_movies/1308-6737950910-3279964854-1125273393-large-400x570.jpg	http://static-api.guidebox.com/thumbnails_movies_medium/1308-1343380721-5516856918-2254761281-large-240x342.jpg	A psychologically troubled novelty supplier is nudged towards a romance with an English woman, all the while being extorted by a phone-sex line run by a crooked mattress salesman, and purchasing stunning amounts of pudding.	95 min	Adam Sandler, Jason Andrews, Don McManus, Emily Watson
134160	The Benefactor	5.09999999999999964	2015-04-17 00:00:00	http://static-api.guidebox.com/111615/thumbnails_movies/134160-3369870470-2205282022-808549226-large-400x570.jpg	http://static-api.guidebox.com/111615/thumbnails_movies_medium/134160-2949945950-1700559766-4755905564-medium-240x342.jpg	A philanthropist meddles in the lives of newly-married couples in an attempt to relive his past.	93 min	Dakota Fanning, Theo James, Richard Gere, Maria Breyman
73698	The Baytown Outlaws	6.29999999999999982	2012-08-27 00:00:00	http://static-api.guidebox.com/thumbnails_movies/73698-4213427901-5425404152-65395982-large-400x570.jpg	http://static-api.guidebox.com/thumbnails_movies_medium/73698-4466917608-9702097824-4610532550-medium-240x342.jpg	When three redneck brothers agree to help a woman save her godson from an abusive stepfather, they become targets on the run from an odd cast of characters.	98 min	Clayne Crawford, Travis Fimmel, Daniel Cudmore, Thomas Brodie-Sangster
46776	Can't Stop the Music	4.5	1980-06-20 00:00:00	http://static-api.guidebox.com/thumbnails_movies/46776-2571258862-692620194-5965701146-large-400x570.jpg	http://static-api.guidebox.com/thumbnails_movies_medium/46776-1239023065-4870273457-7130668820-medium-240x342.jpg	This is a pseudo autobiography of disco's The Village People.	124 min	Ray Simpson, David Hodo, Felipe Rose, Randy Jones
113239	Escobar: Paradise Lost	6.59999999999999964	2014-10-11 00:00:00	http://static-api.guidebox.com/120214/thumbnails_movies/-alt--113239-1725780443-5833291639-5967918024-large-400x570-alt-.jpg	http://static-api.guidebox.com/120214/thumbnails_movies_medium/113239-7606373778-3869863590-4449377102-medium-240x342-alt-.jpg	In Colombia, a young surfer meets the woman of his dreams - and then he meets her uncle, Pablo Escobar.	120 min	Benicio Del Toro, Josh Hutcherson, Brady Corbet, Carlos Bardem
7647	Butter	6.20000000000000018	2011-09-03 00:00:00	http://static-api.guidebox.com/thumbnails_movies/7647-4050804754-4339569146-6604114869-large-400x570.jpg	http://static-api.guidebox.com/thumbnails_movies_medium/7647-6275373930-8598870756-3099131277-medium-240x342.jpg	In Iowa, an adopted girl discovers her talent for butter carving and finds herself pitted against an ambitious local woman in their town's annual contest.	90 min	Jennifer Garner, Ty Burrell, Garrett Schenck, Kristen Schaal
79225	The Pink Panther	5.59999999999999964	2006-01-18 00:00:00	http://static-api.guidebox.com/thumbnails_movies/79225-4957503038-9968393435-155164842-large-400x570.jpg	http://static-api.guidebox.com/thumbnails_movies_medium/79225-8786788080-8885549320-5090032457-medium-240x342.jpg	Bumbling Inspector Clouseau must solve the murder of a famous soccer coach and find out who stole the infamous Pink Panther diamond.	93 min	Steve Martin, Kevin Kline, Jean Reno, Emily Mortimer
93551	Obvious Child	6.79999999999999982	2014-06-06 00:00:00	http://static-api.guidebox.com/091414/thumbnails_movies/93551-6272937106-7783051356-3360161730-large-400x570.jpg	http://static-api.guidebox.com/091414/thumbnails_movies_medium/93551-8701055203-3170967219-2350845640-medium-240x342.jpg	A twenty-something comedienne's unplanned pregnancy forces her to confront the realities of independent womanhood for the first time.	84 min	Jenny Slate, Paul Briganti, Gaby Hoffmann, Stephen Singer
286	The Piano	7.59999999999999964	1993-05-19 00:00:00	http://static-api.guidebox.com/thumbnails_movies/286-2056504502-8441466679-477381964-large-400x570.jpg	http://static-api.guidebox.com/thumbnails_movies_medium/286-106795398-6800080873-6203883402-large-240x342.jpg	A mute woman is sent to 1850s New Zealand along with her young daughter and prized piano for an arranged marriage to a wealthy landowner, but is soon lusted after by a local worker on the plantation.	121 min	Holly Hunter, Harvey Keitel, Sam Neill, Anna Paquin
2232	The Crying Game	7.29999999999999982	1992-09-02 00:00:00	http://static-api.guidebox.com/thumbnails_movies/2232-8711543451-5834031664-1994617605-large-400x570.jpg	http://static-api.guidebox.com/thumbnails_movies_medium/2232-9496517251-3063343442-3518206310-medium-240x342.jpg	A British soldier is kidnapped by IRA terrorists. He befriends one of his captors, who is drawn into the soldier's world.	112 min	Forest Whitaker, Miranda Richardson, Stephen Rea, Adrian Dunbar
94714	The Town That Dreaded Sundown	5.59999999999999964	2014-10-16 00:00:00	http://static-api.guidebox.com/091414/thumbnails_movies/94714-3214842486-1934684418-5406462657-large-400x570.jpg	http://static-api.guidebox.com/091414/thumbnails_movies_medium/94714-8810298540-2025421262-8853459451-medium-240x342.jpg	65 years after a masked serial killer terrorized the small town of Texarkana, the so-called 'moonlight murders' begin again. Is it a copycat or something even more sinister? A lonely high ...	86 min	Addison Timlin, Veronica Cartwright, Anthony Anderson, Travis Tope
68894	1984	7.20000000000000018	1984-10-10 00:00:00	http://static-api.guidebox.com/thumbnails_movies/68894-8538376507-2449732982-4627184565-large-400x570.jpg	http://static-api.guidebox.com/thumbnails_movies_medium/68894-9196463665-6670139208-5983904255-medium-240x342.jpg	In a totalitarian future society, a man whose daily work is rewriting history tries to rebel by falling in love.	113 min	John Hurt, Richard Burton, Suzanna Hamilton, Cyril Cusack
1240	Taps	6.70000000000000018	1981-12-20 00:00:00	http://static-api.guidebox.com/thumbnails_movies/1240-1465088120-9440774302-8054541899-large-400x570.jpg	http://static-api.guidebox.com/thumbnails_movies_medium/1240-2457213053-1043532873-9231401379-large-240x342.jpg	Military cadets take extreme measures to insure the future of their academy when its existence is threatened by local condo developers.	126 min	George C. Scott, Timothy Hutton, Ronny Cox, Sean Penn
117052	X+Y	7.20000000000000018	2015-03-13 00:00:00	http://static-api.guidebox.com/022615/thumbnails_movies/117052-8982453001-5351416133-3478131704-large-400x570.jpg	http://static-api.guidebox.com/022615/thumbnails_movies_medium/117052-8978890082-9834509603-6425056765-medium-240x342.jpg	A socially awkward teenage math prodigy finds new confidence and new friendships when he lands a spot on the British squad at the International Mathematics Olympiad.	111 min	Asa Butterfield, Rafe Spall, Sally Hawkins, Eddie Marsan
55960	The Roommate	4.90000000000000036	2011-02-04 00:00:00	http://static-api.guidebox.com/thumbnails_movies/55960-2699092059-8748017358-1972119282-large-400x570.jpg	http://static-api.guidebox.com/thumbnails_movies_medium/55960-7843477982-1321296879-9645397663-medium-240x342.jpg	When college freshman Sara arrives on campus for the first time, she befriends her roommate, Rebecca, unaware that the girl is becoming dangerously obsessed with her.	91 min	Leighton Meester, Minka Kelly, Cam Gigandet, Aly Michalka
48049	Swingers	7.40000000000000036	1996-10-18 00:00:00	http://static-api.guidebox.com/thumbnails_movies/48049-8552932888-537520382-6054243753-large-400x570.jpg	http://static-api.guidebox.com/thumbnails_movies_medium/48049-2157504466-4146757196-8691871757-medium-240x342.jpg	Wannabe actors become regulars in the stylish neo-lounge scene; Trent teaches his friend Mike the unwritten rules of the scene.	96 min	Jon Favreau, Vince Vaughn, Ron Livingston, Patrick Van Horn
96137	Top Five	6.5	2014-12-12 00:00:00	http://static-api.guidebox.com/022615/thumbnails_movies/-alt--96137-5432558036-2601810210-471794229-large-400x570-alt-.jpg	http://static-api.guidebox.com/022615/thumbnails_movies_medium/96137-4452340324-3267950718-9013652079-medium-240x342-alt-.jpg	A comedian tries to make it as a serious actor when his reality-TV star fiance talks him into broadcasting their wedding on her TV show.	102 min	Chris Rock, Rosario Dawson, J.B. Smoove, Gabrielle Union
81495	To the Wonder	5.90000000000000036	2012-09-02 00:00:00	http://static-api.guidebox.com/thumbnails_movies/81495-2420978793-7470253906-8982936386-large-400x570.jpg	http://static-api.guidebox.com/thumbnails_movies_medium/81495-7175439824-1890285830-4766468853-medium-240x342.jpg	After falling in love in Paris, Marina and Neil come to Oklahoma, where problems arise. Their church's Spanish-born pastor struggles with his faith, while Neil encounters a woman from his childhood.	112 min	Ben Affleck, Olga Kurylenko, Rachel McAdams, Javier Bardem
74992	The Witches	6.79999999999999982	1990-02-16 00:00:00	http://static-api.guidebox.com/thumbnails_movies/74992-9712505466-1885678848-2496481533-large-400x570.jpg	http://static-api.guidebox.com/thumbnails_movies_medium/74992-9070385065-6677175374-7492353287-medium-240x342.jpg	A young boy stumbles onto a witch convention and must stop them, even after he has been turned into a mouse.	91 min	Anjelica Huston, Mai Zetterling, Jasen Fisher, Rowan Atkinson
57544	The Eagle	6.20000000000000018	2011-02-08 00:00:00	http://static-api.guidebox.com/thumbnails_movies/57544-1240307526-4493494658-5720021194-large-400x570.jpg	http://static-api.guidebox.com/thumbnails_movies_medium/57544-3168013250-2368680220-6348712756-medium-240x342.jpg	N/A	114 min	Channing Tatum, Istvn Gz, Bence Ger, Denis O'Hare
22483	Blackbeard the Pirate	6.09999999999999964	1952-12-24 00:00:00	http://static-api.guidebox.com/thumbnails_movies/22483-9672220731-1905827476-2241018680-large-400x570.jpg	http://static-api.guidebox.com/thumbnails_movies_medium/22483-1520349617-8349482892-2374219508-medium-240x342.jpg	Honest Edward Maynard finds himself serving as ship's surgeon under the infamous pirate Blackbeard.	99 min	Robert Newton, Linda Darnell, William Bendix, Keith Andes
113238	Addicted	5.20000000000000018	2014-10-10 00:00:00	http://static-api.guidebox.com/120214/thumbnails_movies/113238-835595918-4015687509-3995973361-large-400x570.jpg	http://static-api.guidebox.com/120214/thumbnails_movies_medium/113238-1494261814-206771554-9961296985-medium-240x342.jpg	A gallerist risks her family and flourishing career when she enters into an affair with a talented painter and slowly loses control of her life.	106 min	Boris Kodjoe, Brandon Gonzales, Cameron Mills, Daniel O'Callaghan
46070	Too Late for Tears	7.29999999999999982	1949-08-13 00:00:00	http://static-api.guidebox.com/thumbnails_movies/46070-9148510447-3577680160-8603924266-large-400x570.jpg	http://static-api.guidebox.com/thumbnails_movies_medium/46070-7525114696-5042521637-1322597149-medium-240x342.jpg	Through a fluke circumstance a ruthless woman stumbles across a suitcase filled with $60,000, and she is determined to hold onto it even it if means murder.	99 min	Lizabeth Scott, Don DeFore, Dan Duryea, Arthur Kennedy
7002	Coriolanus	6.20000000000000018	2011-02-14 00:00:00	http://static-api.guidebox.com/thumbnails_movies/7002-6604461819-9518622518-5756568359-large-400x570.jpg	http://static-api.guidebox.com/thumbnails_movies_medium/7002-8256973475-2947345460-1455000267-medium-240x342.jpg	A banished hero of Rome allies with a sworn enemy to take his revenge on the city.	123 min	Gerard Butler, Ralph Fiennes, Lubna Azabal, Ashraf Barhom
26998	Star Trek VI: The Undiscovered Country	7.20000000000000018	1991-12-05 00:00:00	http://static-api.guidebox.com/thumbnails_movies/26998-5370392571-1018622476-1392710326-large-400x570.jpg	http://static-api.guidebox.com/thumbnails_movies_medium/26998-1916486691-7607412343-8518795594-medium-240x342.jpg	On the eve of retirement, Kirk and McCoy are charged with assassinating the Klingon High Chancellor and imprisoned. The Enterprise crew must help them escape to thwart a conspiracy aimed at sabotaging the last best hope for peace.	113 min	William Shatner, Leonard Nimoy, DeForest Kelley, James Doohan
54176	Kate & Leopold	6.40000000000000036	2001-12-25 00:00:00	http://static-api.guidebox.com/thumbnails_movies/54176-7637086231-1598983659-4055376779-large-400x570.jpg	http://static-api.guidebox.com/thumbnails_movies_medium/54176-4464772935-42095921-5448991400-medium-240x342.jpg	Kate and her actor brother live in N.Y. in the 21st Century. Her ex-boyfriend, Stuart, lives above her apartment. Stuart finds a space near the Brooklyn Bridge where there is a gap in time....	118 min	Meg Ryan, Hugh Jackman, Liev Schreiber, Breckin Meyer
2678	McLintock!	7.29999999999999982	1963-11-13 00:00:00	http://static-api.guidebox.com/thumbnails_movies/2678-5306371725-7330424287-4687034036-large-400x570.jpg	http://static-api.guidebox.com/thumbnails_movies_medium/2678-3019951070-1596519309-1439742628-large-240x342.jpg	Wealthy rancher G.W. McLintock uses his power and influence in the territory to keep the peace between farmers, ranchers, land-grabbers, Indians and corrupt government officials.	127 min	John Wayne, Maureen O'Hara, Patrick Wayne, Stefanie Powers
113600	The Pyramid	4.59999999999999964	2014-12-04 00:00:00	http://static-api.guidebox.com/022615/thumbnails_movies/-alt--113600-8389978008-1304234602-7355008116-large-400x570-alt-.jpg	http://static-api.guidebox.com/022615/thumbnails_movies_medium/113600-5998602430-4020369882-9320517578-medium-240x342-alt-.jpg	An archaeological team attempts to unlock the secrets of a lost pyramid only to find themselves hunted by an insidious creature.	89 min	Ashley Grace, Denis O'Hare, James Buckley, Christa Nicola
1022	An American Werewolf in London	7.59999999999999964	1981-08-21 00:00:00	http://static-api.guidebox.com/thumbnails_movies/1022-3019863973-6379779358-4030628349-large-400x570.jpg	http://static-api.guidebox.com/thumbnails_movies_medium/1022-5419389391-631368673-3953833780-large-240x342.jpg	Two American college students on a walking tour of Britain are attacked by a werewolf that none of the locals will admit exists.	97 min	Joe Belcher, David Naughton, Griffin Dunne, David Schofield
438	Four Rooms	6.70000000000000018	1995-12-25 00:00:00	http://static-api.guidebox.com/thumbnails_movies/438-7642825129-9316137838-9991475562-large-400x570.jpg	http://static-api.guidebox.com/thumbnails_movies_medium/438-8896986008-3096836177-2033811668-large-240x342.jpg	Four interlocking tales that take place in a fading hotel on New Year's Eve.	98 min	Sammi Davis, Amanda De Cadenet, Valeria Golino, Madonna
115818	Song of the Sea	8.19999999999999929	2014-09-06 00:00:00	http://static-api.guidebox.com/022615/thumbnails_movies/115818-3220082568-2178744488-7819717074-large-400x570.jpg	http://static-api.guidebox.com/022615/thumbnails_movies_medium/115818-3406035691-9240113529-8538733874-medium-240x342.jpg	Ben, a young Irish boy, and his little sister Saoirse, a girl who can turn into a seal, go on an adventure to free the faeries and save the spirit world.	93 min	David Rawle, Brendan Gleeson, Lisa Hannigan, Fionnula Flanagan
44282	Sophie's Choice	7.70000000000000018	1982-12-08 00:00:00	http://static-api.guidebox.com/thumbnails_movies/44282-4140661275-7095654048-9806524496-large-400x570.jpg	http://static-api.guidebox.com/thumbnails_movies_medium/44282-2765274286-5483198767-1028972483-medium-240x342.jpg	After spending time with his new neighbors, an aspiring writer realizes they are harboring deep secrets that will forever change him.	150 min	Meryl Streep, Kevin Kline, Peter MacNicol, Rita Karin
21174	A Royal Affair	7.59999999999999964	2012-03-29 00:00:00	http://static-api.guidebox.com/thumbnails_movies/21174-109356321-5471942462-263644783-large-400x570.jpg	http://static-api.guidebox.com/thumbnails_movies_medium/21174-8578038066-3797150310-454645856-medium-240x342.jpg	A young queen, who is married to an insane king, falls secretly in love with her physician - and together they start a revolution that changes a nation forever.	137 min	Alicia Vikander, Mads Mikkelsen, Mikkel Boe Flsgaard, Trine Dyrholm
7662	Goon	6.79999999999999982	2012-01-06 00:00:00	http://static-api.guidebox.com/thumbnails_movies/7662-9219811582-7924109874-3211536855-large-400x570.jpg	http://static-api.guidebox.com/thumbnails_movies_medium/7662-5676014326-6196282301-5909234285-medium-240x342.jpg	Labeled an outcast by his brainy family, a bouncer overcomes long odds to lead a team of under performing misfits to semi-pro hockey glory, beating the crap out of everything that stands in his way.	92 min	Seann William Scott, Jay Baruchel, Alison Pill, Liev Schreiber
26943	Concussion	5.70000000000000018	2013-04-04 00:00:00	http://static-api.guidebox.com/thumbnails_movies/26943-9452513451-4420801252-3362764483-large-400x570.jpg	http://static-api.guidebox.com/thumbnails_movies_medium/26943-2360467320-4061691216-1924450570-medium-240x342.jpg	After a blow to the head, Abby decides she can't do it anymore. Her life just can't be only about the house, the kids and the wife. She needs more: she needs to be Eleanor.	96 min	Robin Weigert, Julie Fain Lawrence, Maren Shapero, Micah Shapero
4793	Black Death	6.40000000000000036	2010-06-07 00:00:00	http://static-api.guidebox.com/thumbnails_movies/4793-1671916140-8001219420-3788132942-large-400x570.jpg	http://static-api.guidebox.com/thumbnails_movies_medium/4793-8815710451-7125888676-7254224145-medium-240x342.jpg	Set during the time of the first outbreak of bubonic plague in England, a young monk is given the task of learning the truth about reports of people being brought back to life in a small village.	102 min	Sean Bean, Eddie Redmayne, John Lynch, Tim McInnerny
116409	Danny Collins	7	2015-03-20 00:00:00	http://static-api.guidebox.com/022615/thumbnails_movies/116409-3582254476-7648655907-4653251842-large-400x570.jpg	http://static-api.guidebox.com/022615/thumbnails_movies_medium/116409-3298864467-9830002631-3583089830-medium-240x342.jpg	An aging rock star decides to change his life when he discovers a 40-year-old letter written to him by John Lennon.	106 min	Al Pacino, Annette Bening, Jennifer Garner, Bobby Cannavale
115747	Spring	6.70000000000000018	2015-03-20 00:00:00	http://static-api.guidebox.com/022615/thumbnails_movies/115747-3761418532-3755795588-4058732591-large-400x570.jpg	http://static-api.guidebox.com/022615/thumbnails_movies_medium/115747-3612881131-4840254295-9500631499-medium-240x342.jpg	A young man in a personal tailspin flees the US to Italy, where he sparks up a romance with a woman harboring a dark, primordial secret.	109 min	Lou Taylor Pucci, Nadia Hilker, Francesco Carnelutti, Nick Nevern
39063	The Invasion	5.90000000000000036	2007-08-17 00:00:00	http://static-api.guidebox.com/thumbnails_movies/39063-1761509390-8141939966-3436671174-large-400x570.jpg	http://static-api.guidebox.com/thumbnails_movies_medium/39063-3466501068-1847062544-7494369969-medium-240x342.jpg	As a Washington psychiatrist unearths the origin of an alien epidemic, she also discovers her son might be the only way it can be stopped.	99 min	Nicole Kidman, Daniel Craig, Jeremy Northam, Jackson Bond
163	The Birth of a Nation	6.79999999999999982	1915-02-08 00:00:00	http://static-api.guidebox.com/thumbnails_movies/163-1879396709-7785321702-2645867421-large-400x570.jpg	http://static-api.guidebox.com/thumbnails_movies_medium/163-1729263841-8984137596-6927361414-large-240x342.jpg	The Stoneman family finds its friendship with the Camerons affected by the Civil War, both fighting in opposite armies. The development of the war in their lives plays through to Lincoln's assassination and the birth of the Ku Klux Klan.	165 min	Lillian Gish, Mae Marsh, Henry B. Walthall, Miriam Cooper
135588	The Cokeville Miracle	4.90000000000000036	2015-06-05 00:00:00	http://static-api.guidebox.com/111615/thumbnails_movies/135588-8220373322-7324457895-6387643698-large-400x570.jpg	http://static-api.guidebox.com/111615/thumbnails_movies_medium/135588-9281449099-8963875887-9440005016-medium-240x342.jpg	Children who were held hostage in their elementary school tell stories of miraculous things, but many adults are skeptical that the Cokeville Miracle ever truly happened.	94 min	Jasen Wade, Sarah Kent, Kimball Stinger, Alexa Rae
116321	The Hundred Year-Old Man Who Climbed Out of the Window and Disappeared	7.09999999999999964	2013-12-25 00:00:00	http://static-api.guidebox.com/022615/thumbnails_movies/116321-7528580809-1364678434-2284692601-large-400x570.jpg	http://static-api.guidebox.com/022615/thumbnails_movies_medium/116321-4268887094-1910047941-4966817820-medium-240x342.jpg	After living a long and colorful life, Allan Karlsson finds himself stuck in a nursing home. On his 100th birthday, he leaps out a window and begins an unexpected journey.	114 min	Robert Gustafsson, Mia Skringer, Iwar Wiklander, David Wiberg
134354	Mojave	5.29999999999999982	2015-04-18 00:00:00	http://static-api.guidebox.com/111615/thumbnails_movies/134354-505267899-2473284700-9213558305-large-400x570.jpg	http://static-api.guidebox.com/111615/thumbnails_movies_medium/134354-5947657889-4622200038-3507819409-medium-240x342.jpg	A suicidal artist goes into the desert, where he finds his doppelgnger, a homicidal drifter.	93 min	Garrett Hedlund, Louise Bourgoin, Cletus Young, Oscar Isaac
5522	The Devil's Double	7.09999999999999964	2011-02-11 00:00:00	http://static-api.guidebox.com/thumbnails_movies/5522-8440603506-9399856557-6260237335-large-400x570.jpg	http://static-api.guidebox.com/thumbnails_movies_medium/5522-7046846291-7903166003-7845406034-medium-240x342.jpg	A chilling vision of the House of Saddam Hussein comes to life through the eyes of the man who was forced to become the double of Hussein's sadistic son.	109 min	Dominic Cooper, Ludivine Sagnier, Raad Rawi, Philip Quast
37242	Any Given Sunday	6.79999999999999982	1999-12-16 00:00:00	http://static-api.guidebox.com/thumbnails_movies/37242-1630789326-2613388552-3500066074-large-400x570.jpg	http://static-api.guidebox.com/thumbnails_movies_medium/37242-2308628820-6246022167-889675445-medium-240x342.jpg	A behind-the-scenes look at the life-and-death struggles of modern-day gladiators and those who lead them.	162 min	Al Pacino, Cameron Diaz, Dennis Quaid, James Woods
95346	Dying of the Light	4.40000000000000036	2014-12-04 00:00:00	http://static-api.guidebox.com/120214/thumbnails_movies/-alt--95346-9075865014-9762633475-7907004389-large-400x570-alt-.jpg	http://static-api.guidebox.com/120214/thumbnails_movies_medium/95346-3701293664-4134910884-4404775673-medium-240x342-alt-.jpg	When a devastating illness threatens to end Evan Lake's career in the C.I.A., he goes rogue to hunt down a terrorist who tortured him during a mission gone awry years ago.	94 min	Nicolas Cage, Anton Yelchin, Alexander Karim, Irne Jacob
2268	The Skeleton Key	6.5	2005-07-29 00:00:00	http://static-api.guidebox.com/thumbnails_movies/2268-4094230593-3633263246-927404501-large-400x570.jpg	http://static-api.guidebox.com/thumbnails_movies_medium/2268-905965479-3975837021-7306959280-large-240x342.jpg	A hospice nurse working at a spooky New Orleans plantation home finds herself entangled in a mystery involving the house's dark past.	104 min	Kate Hudson, Gena Rowlands, John Hurt, Peter Sarsgaard
3622	Bottle Shock	6.79999999999999982	2008-08-06 00:00:00	http://static-api.guidebox.com/thumbnails_movies/3622-4044417087-7669699099-1190216449-large-400x570.jpg	http://static-api.guidebox.com/thumbnails_movies_medium/3622-5332121672-6239603436-6327783726-medium-240x342.jpg	The story of the early days of California wine making featuring the now infamous, blind Paris wine tasting of 1976 that has come to be known as "Judgment of Paris".	110 min	Chris Pine, Hal B. Klein, Alan Rickman, Jean-Michel Richaud
41847	The Seven Year Itch	7.20000000000000018	1955-06-01 00:00:00	http://static-api.guidebox.com/thumbnails_movies/41847-6471405602-7814820255-4386674352-large-400x570.jpg	http://static-api.guidebox.com/thumbnails_movies_medium/41847-5276336670-6562735448-2205317281-medium-240x342.jpg	When his family goes away for the summer, a so far faithful husband is tempted by a beautiful neighbor.	105 min	Marilyn Monroe, Tom Ewell, Evelyn Keyes, Sonny Tufts
26106	Upstream Color	6.79999999999999982	2013-04-05 00:00:00	http://static-api.guidebox.com/thumbnails_movies/26106-4825344915-3626668798-6881454042-large-400x570.jpg	http://static-api.guidebox.com/thumbnails_movies_medium/26106-7029515444-4864632837-3292929996-medium-240x342.jpg	A man and woman are drawn together, entangled in the life cycle of an ageless organism. Identity becomes an illusion as they struggle to assemble the loose fragments of wrecked lives.	96 min	Amy Seimetz, Shane Carruth, Andrew Sensenig, Thiago Martins
3155	The Host	7	2006-07-27 00:00:00	http://static-api.guidebox.com/thumbnails_movies/3155-1486825087-5613699588-66327118-large-400x570.jpg	http://static-api.guidebox.com/thumbnails_movies_medium/3155-1528858375-1835936997-6393401078-medium-240x342.jpg	N/A	120 min	Kang-ho Song, Hie-bong Byeon, Hae-il Park, Doona Bae
71275	Very Good Girls	6	2013-01-22 00:00:00	http://static-api.guidebox.com/041014/thumbnails_movies/71275-7959636505-2028935459-9743366492-large-400x570.jpg	http://static-api.guidebox.com/041014/thumbnails_movies_medium/71275-3981133523-2094411212-109856143-medium-240x342.jpg	Two New York City girls make a pact to lose their virginity during their first summer out of high school. When they both fall for the same street artist, the friends find their connection tested for the first time.	91 min	Dakota Fanning, Elizabeth Olsen, Sterling Jones, Lenny Platt
24726	Beethoven	5.5	1992-04-03 00:00:00	http://static-api.guidebox.com/thumbnails_movies/24726-8972406257-2504461580-422354425-large-400x570.jpg	http://static-api.guidebox.com/thumbnails_movies_medium/24726-9146281885-5633100336-242333161-medium-240x342.jpg	A slobbering St. Bernard becomes the center of attention for a loving family, but must contend with a dog-napping veterinarian and his henchmen.	87 min	Charles Grodin, Bonnie Hunt, Dean Jones, Nicholle Tom
46250	Solomon Kane	6.09999999999999964	2009-09-16 00:00:00	http://static-api.guidebox.com/thumbnails_movies/46250-327120554-9966509435-2714179573-large-400x570.jpg	http://static-api.guidebox.com/thumbnails_movies_medium/46250-9263739395-2715420015-429989202-medium-240x342.jpg	A ruthless mercenary renounces violence after learning his soul is bound for hell. When a young girl is kidnapped and her family slain by a sorcerer's murderous cult, he is forced to fight and seek his redemption slaying evil.	104 min	James Purefoy, Mark O'Neal, Robert Orr, Richard Ryan
5258	The Way	7.40000000000000036	2010-09-10 00:00:00	http://static-api.guidebox.com/thumbnails_movies/5258-5371689154-2855136772-3249433069-large-400x570.jpg	http://static-api.guidebox.com/thumbnails_movies_medium/5258-4227533937-7270784415-6031692922-medium-240x342.jpg	A father heads overseas to recover the body of his estranged son who died while traveling the "El camino de Santiago," and decides to take the pilgrimage himself.	123 min	Martin Sheen, Emilio Estevez, Deborah Kara Unger, Yorick van Wageningen
129648	Digging for Fire	5.90000000000000036	2015-08-21 00:00:00	http://static-api.guidebox.com/060515/thumbnails_movies/129648-2740544081-5989827509-1345756408-large-400x570.jpg	http://static-api.guidebox.com/060515/thumbnails_movies_medium/129648-9504986153-2552045090-7004660666-medium-240x342.jpg	The discovery of a bone and a gun send a husband and wife on separate adventures over the course of a weekend.	85 min	Jake Johnson, Rosemarie DeWitt, Orlando Bloom, Brie Larson
3912	Gomorrah	7	2008-05-16 00:00:00	http://static-api.guidebox.com/thumbnails_movies/3912-7532203654-7433050959-8776580905-large-400x570.jpg	http://static-api.guidebox.com/thumbnails_movies_medium/3912-9815483945-6653377232-6348584844-medium-240x342.jpg	An inside look at Italy's modern crime families.	137 min	Salvatore Abbruzzese, Simone Sacchettino, Salvatore Ruocco, Vincenzo Fabricino
301	Star Trek III: The Search for Spock	6.59999999999999964	1984-05-31 00:00:00	http://static-api.guidebox.com/thumbnails_movies/301-9786538509-6882794457-3042261661-large-400x570.jpg	http://static-api.guidebox.com/thumbnails_movies_medium/301-5935236891-1843196242-9117814074-large-240x342.jpg	Admiral Kirk and his bridge crew risk their careers stealing the decommissioned Enterprise to return to the restricted Genesis planet to recover Spock's body.	105 min	William Shatner, Leonard Nimoy, DeForest Kelley, James Doohan
134864	The Club	7.29999999999999982	2015-05-28 00:00:00	http://static-api.guidebox.com/111615/thumbnails_movies/134864-9200671939-627965960-6754682371-large-400x570.jpg	http://static-api.guidebox.com/111615/thumbnails_movies_medium/134864-3339540507-7562731267-4147641338-medium-240x342.jpg	A crisis counselor is sent by the Catholic Church to a small Chilean beach town where disgraced priests and nuns, suspected of crimes ranging from child abuse to baby-snatching from unwed mothers, live secluded, after an incident occurs.	98 min	Alfredo Castro, Roberto Faras, Antonia Zegers, Marcelo Alonso
113616	Son of a Gun	6.5	2014-10-16 00:00:00	http://static-api.guidebox.com/120214/thumbnails_movies/-alt--113616-1026666863-8201516568-826960206-large-400x570-alt-.jpg	http://static-api.guidebox.com/120214/thumbnails_movies_medium/113616-9177437955-3718356583-9581678756-medium-240x342-alt-.jpg	JR busts out of prison with Brendan Lynch, Australia's most notorious criminal, and joins Lynch's gang for a gold heist that soon pits the two men against one another.	108 min	Brenton Thwaites, Brendan Kerkvliet, Matt Flannagan, Geoff Kelso
\.


--
-- Data for Name: movies_genres; Type: TABLE DATA; Schema: public; Owner: vagrant
--

COPY movies_genres (movie_genre_id, movie_id, genre_id) FROM stdin;
1	135759	9
2	135759	27
3	135759	33
4	134210	9
5	135227	15
6	135227	17
7	128834	1
8	128834	3
9	128834	21
10	129206	1
11	129206	3
12	129206	27
13	132455	1
14	132455	3
15	132455	27
16	112659	3
17	112659	9
18	112659	21
19	117737	9
20	117737	21
21	473	3
22	473	9
23	473	32
24	79969	7
25	79969	9
26	117057	9
27	117057	20
28	132844	3
29	132844	21
30	132306	1
31	132306	7
32	132306	9
33	17874	7
34	17874	27
35	132946	9
36	132946	24
37	117033	1
38	117033	21
39	202	9
40	68711	6
41	68711	9
42	68711	34
43	92124	1
44	92124	3
45	92124	21
46	132524	36
47	132524	9
48	296	7
49	296	9
50	55117	3
51	55117	21
52	55117	27
53	1854	9
54	131162	15
55	131162	30
56	18919	9
57	18919	20
58	61261	7
59	61261	9
60	61261	27
61	135610	9
62	135610	20
63	134894	7
64	134894	9
65	134894	17
66	129804	9
67	129804	21
68	129804	27
69	33542	7
70	33542	15
71	33542	27
72	62222	1
73	62222	7
74	101745	1
75	101745	3
76	101745	21
77	94765	1
78	94765	3
79	94765	6
80	76622	21
81	76622	17
82	76622	3
83	93689	9
84	93689	31
85	93689	20
86	93669	1
87	93669	3
88	93669	27
89	94073	1
90	94073	3
91	58645	15
92	58645	17
93	27883	1
94	27883	27
95	129839	1
96	129839	6
97	1213	1
98	1213	3
99	1213	11
100	220	15
101	220	17
102	220	21
103	2356	6
104	2356	11
105	93716	6
106	93716	9
107	93716	15
108	50242	1
109	50242	7
110	50242	27
111	61765	6
112	61765	31
113	72152	1
114	72152	9
115	72152	20
116	133154	6
117	133154	15
118	134697	9
119	134697	33
120	47801	6
121	47801	20
122	62801	6
123	62801	7
124	62801	9
125	61397	15
126	61397	21
127	61397	27
128	132550	1
129	132550	27
130	136328	9
131	136328	20
132	136328	27
133	160	15
134	128978	9
135	128978	17
136	128978	27
137	92410	9
138	92410	21
139	92410	27
140	135153	3
141	135153	9
142	37303	6
143	37303	9
144	37303	20
145	119202	36
146	119202	9
147	119202	31
148	24484	7
149	24484	9
150	7197	9
151	7197	21
152	133033	1
153	133033	7
154	133033	27
155	135576	9
156	135576	27
157	114301	6
158	114301	7
159	114301	15
160	69335	1
161	69335	36
162	69335	7
163	73217	7
164	73217	9
165	73217	27
166	1802	6
167	1802	3
168	1802	10
169	3891	6
170	3891	9
171	3891	20
172	90353	7
173	90353	9
174	90353	27
175	540	9
176	540	15
177	540	17
178	113380	21
179	113380	27
180	117436	1
181	117436	3
182	117436	6
183	54459	6
184	54459	15
185	1923	6
186	1923	24
187	77158	9
188	77158	11
189	77158	15
190	80799	36
191	80799	7
192	80799	9
193	13999	15
194	13999	17
195	650	1
196	650	3
197	650	9
198	15824	1
199	15824	3
200	15824	6
201	14235	6
202	14235	7
203	14235	34
204	135531	36
205	135531	9
206	135531	24
207	42872	9
208	42872	20
209	91997	4
210	91997	3
211	91997	9
212	477	1
213	477	3
214	477	27
215	59838	3
216	59838	9
217	59838	32
218	93587	7
219	93587	9
220	93587	27
221	5108	6
222	5108	15
223	117056	1
224	117056	6
225	117056	7
226	129062	15
227	129062	27
228	136416	9
229	92362	6
230	93061	21
231	93061	27
232	12535	27
233	132161	6
234	132161	9
235	38376	9
236	38376	17
237	38376	27
238	89698	1
239	89698	7
240	89698	9
241	13380	1
242	13380	3
243	13380	9
244	63223	1
245	63223	7
246	63223	27
247	76611	9
248	76611	17
249	76611	27
250	134563	9
251	51799	9
252	51799	15
253	51799	21
254	30400	3
255	30400	17
256	30400	21
257	1013	6
258	30064	9
259	30064	20
260	562	7
261	562	9
262	562	27
263	603	9
264	603	15
265	603	17
266	48091	15
267	48091	17
268	48091	27
269	30757	6
270	30757	9
271	30757	10
272	132277	15
273	132277	27
274	61843	6
275	61843	9
276	61843	20
277	76140	3
278	76140	6
279	76140	9
280	59506	6
281	59506	7
282	55184	9
283	55184	27
284	447	1
285	447	7
286	447	9
287	53253	3
288	53253	9
289	53253	20
290	382	1
291	382	9
292	382	21
293	92322	9
294	113331	1
295	113331	7
296	113331	9
297	132553	36
298	132553	9
299	39587	15
300	39587	17
301	133307	9
302	133307	32
303	133307	20
304	89786	9
305	89786	31
306	134667	15
307	134667	21
308	134667	27
309	21998	9
310	21998	15
311	21998	27
312	21928	3
313	21928	9
314	21928	10
315	130769	36
316	130769	9
317	65856	15
318	116884	9
319	116884	15
320	116884	27
321	19924	15
322	19924	27
323	104198	36
324	104198	9
325	104198	32
326	94906	27
327	128853	7
328	128853	9
329	128853	17
330	22091	9
331	22091	17
332	22091	27
333	48395	9
334	48395	17
335	48395	27
336	134810	27
337	13177	9
338	13177	20
339	3900	9
340	3900	15
341	3900	20
342	133065	15
343	37653	9
344	37653	11
345	37653	20
346	114442	4
347	114442	3
348	114442	6
349	132707	6
350	132707	7
351	132707	27
352	113700	1
353	113700	7
354	113700	9
355	36490	1
356	36490	3
357	36490	6
358	97243	7
359	97243	9
360	97243	27
361	70717	15
362	70717	17
363	70717	27
364	28830	9
365	28830	20
366	1082	9
367	1082	17
368	116974	1
369	116974	27
370	116974	30
371	24925	3
372	24925	6
373	131161	9
374	31423	9
375	31423	20
376	31423	31
377	214	1
378	214	3
379	214	21
380	92396	9
381	96132	6
382	96132	9
383	422	6
384	55924	6
385	55924	9
386	8050	6
387	8050	20
388	92674	9
389	92674	11
390	92674	21
391	211	6
392	211	9
393	211	20
394	12	9
395	81056	1
396	81056	6
397	81056	3
398	23192	36
399	23192	9
400	23192	10
401	18708	35
402	18708	27
403	115132	6
404	115132	21
405	271	6
406	271	9
407	271	20
408	60478	6
409	60478	11
410	60478	20
411	85030	7
412	85030	35
413	85030	27
415	135304	1
416	135304	15
417	135304	21
418	129411	9
419	116780	9
420	758	9
421	758	11
422	758	30
423	5671	7
424	5671	9
425	5671	15
426	8070	15
427	8070	27
428	34844	6
429	1713	6
430	1713	15
431	1713	21
432	93495	6
433	93495	9
434	93495	15
435	94810	9
436	94810	27
437	54798	1
438	54798	7
439	54798	9
440	113713	1
441	113713	9
442	113713	27
443	130615	7
444	130615	9
445	130615	27
446	24015	36
447	24015	34
448	48136	9
449	48136	32
450	48136	27
451	52059	3
452	52059	10
453	52059	11
454	22665	1
455	22665	7
456	22665	27
457	92749	9
458	117034	9
459	117034	6
460	5357	9
461	5357	21
462	5357	27
463	95439	9
464	1308	6
465	1308	9
466	1308	20
467	134160	9
468	73698	1
469	73698	6
470	73698	7
471	46776	6
472	46776	34
473	113239	20
474	113239	27
475	7647	6
476	79225	3
477	79225	6
478	79225	7
479	286	9
480	286	31
481	286	20
482	2232	7
483	2232	9
484	2232	20
485	94714	15
486	94714	27
487	68894	9
488	68894	20
489	68894	21
490	1240	9
491	117052	6
492	117052	9
493	55960	9
494	55960	15
495	55960	27
496	48049	6
497	48049	9
498	96137	9
499	96137	6
500	81495	9
501	81495	20
502	74992	3
503	74992	11
504	74992	15
505	57544	3
506	57544	9
507	22483	3
508	113238	9
509	113238	27
510	46070	7
511	46070	9
512	46070	35
513	7002	9
514	7002	27
515	7002	33
516	26998	1
517	26998	3
518	26998	17
519	54176	6
520	54176	11
521	54176	20
522	2678	6
523	2678	20
524	2678	30
525	113600	15
526	113600	27
527	1022	6
528	1022	15
529	438	6
530	115818	4
531	115818	10
532	115818	11
533	44282	9
534	44282	20
535	21174	36
536	21174	9
537	21174	32
538	7662	6
539	7662	24
540	26943	9
541	4793	1
542	4793	3
543	4793	9
544	116409	6
545	116409	9
546	116409	31
547	115747	15
548	115747	20
549	115747	21
550	39063	21
551	39063	27
552	93551	6
553	93551	9
554	163	9
555	163	32
556	163	20
557	135588	9
558	135588	10
559	135588	32
560	116321	3
561	116321	6
562	134354	27
563	5522	36
564	5522	9
565	5522	27
566	37242	9
567	37242	24
568	95346	9
569	95346	27
570	2268	15
571	2268	17
572	2268	27
573	3622	6
574	3622	9
575	41847	6
576	41847	20
577	26106	9
578	26106	17
579	26106	21
580	3155	15
581	3155	21
582	71275	9
583	24726	6
584	24726	9
585	24726	10
586	46250	1
587	46250	3
588	46250	11
589	5258	3
590	5258	6
591	5258	9
592	129648	9
593	3912	7
594	3912	9
595	301	1
596	301	3
597	301	21
598	134864	9
599	113616	1
600	113616	7
601	113616	9
\.


--
-- Name: movies_genres_movie_genre_id_seq; Type: SEQUENCE SET; Schema: public; Owner: vagrant
--

SELECT pg_catalog.setval('movies_genres_movie_genre_id_seq', 601, true);


--
-- Name: movies_movie_id_seq; Type: SEQUENCE SET; Schema: public; Owner: vagrant
--

SELECT pg_catalog.setval('movies_movie_id_seq', 1, false);


--
-- Data for Name: movies_sources; Type: TABLE DATA; Schema: public; Owner: vagrant
--

COPY movies_sources (movie_source_id, movie_id, src_code, source_url) FROM stdin;
1	135759	AZN	http://www.amazon.com/gp/product/B01GPQPO44
2	134210	AZN	http://www.amazon.com/gp/product/B019ELJRNG
3	135227	AZN	http://www.amazon.com/gp/product/B01BT3SD9Q
4	128834	AZN	http://www.amazon.com/gp/product/B010R40EUY
5	128834	HULU	http://www.hulu.com/watch/958003
6	129206	AZN	http://www.amazon.com/gp/product/B012PJVQ7Y
7	129206	HULU	http://www.hulu.com/watch/966503
8	132455	AZN	http://www.amazon.com/gp/product/B017HYSN0A
9	132455	HULU	http://www.hulu.com/watch/988103
10	112659	AZN	http://www.amazon.com/gp/product/B00TU9UFTS
11	112659	HULU	http://www.hulu.com/watch/876132
12	117737	AZN	http://www.amazon.com/gp/product/B00VWPQNJ4
13	473	AZN	http://www.amazon.com/gp/product/B002BU4HWE
14	473	HULU	http://www.hulu.com/watch/975358
15	79969	AZN	http://www.amazon.com/gp/product/B005T5MYXC
16	79969	NFX	http://movies.netflix.com/Movie/880640
17	117057	AZN	http://www.amazon.com/gp/product/B00ZVS30Q2
18	117057	HULU	http://www.hulu.com/watch/930090
19	132844	AZN	http://www.amazon.com/gp/product/B0186DG844
20	132844	HULU	http://www.hulu.com/watch/988102
21	132306	AZN	http://www.amazon.com/gp/product/B0162LLAQS
22	132306	HULU	http://www.hulu.com/watch/975354
23	17874	AZN	http://www.amazon.com/gp/product/B008Q00U9W
24	132946	AZN	http://www.amazon.com/gp/product/B017WRCV5K
25	132946	HULU	http://www.hulu.com/watch/999771
26	117033	AZN	http://www.amazon.com/gp/product/B00XVQLR3Y
27	117033	HULU	http://www.hulu.com/watch/879329
28	202	AZN	http://www.amazon.com/gp/product/B006RXPT82
29	202	HULU	http://www.hulu.com/watch/276198
30	68711	AZN	http://www.amazon.com/gp/product/B00AQ452K8
31	68711	HULU	http://www.hulu.com/watch/30660
32	92124	AZN	http://www.amazon.com/gp/product/B00L83TQR6
33	92124	HULU	http://www.hulu.com/watch/850421
34	132524	AZN	http://www.amazon.com/gp/product/B018MOP8ZW
35	296	AZN	http://www.amazon.com/gp/product/B008Y5O6OO
36	296	NFX	http://movies.netflix.com/Movie/902003
37	55117	AZN	http://www.amazon.com/gp/product/B0099Y20VK
38	55117	HULU	http://www.hulu.com/watch/966489
39	1854	AZN	http://www.amazon.com/gp/product/B008Y6OS64
40	1854	NFX	http://movies.netflix.com/Movie/60037022
41	131162	AZN	http://www.amazon.com/gp/product/B016B0DLAS
42	18919	AZN	http://www.amazon.com/gp/product/B002APS61I
43	61261	AZN	http://www.amazon.com/gp/product/B006H8JPH8
44	61261	NFX	http://movies.netflix.com/Movie/70071613
45	135610	AZN	http://www.amazon.com/gp/product/B01H2BJSJI
46	134894	AZN	http://www.amazon.com/gp/product/B01FEIC7SK
47	129804	AZN	http://www.amazon.com/gp/product/B014KMI1F4
48	129804	HULU	http://www.hulu.com/watch/958496
49	33542	AZN	http://www.amazon.com/gp/product/B009JZUJIK
50	33542	HULU	http://www.hulu.com/watch/245906
51	62222	AZN	http://www.amazon.com/gp/product/B008Y7G1BI
52	62222	HULU	http://www.hulu.com/watch/389470
53	101745	AZN	http://www.amazon.com/gp/product/B00PYIXFJQ
54	101745	HULU	http://www.hulu.com/watch/850271
55	94765	AZN	http://www.amazon.com/gp/product/B00MILGKPI
56	94765	HULU	http://www.hulu.com/watch/850384
57	76622	AZN	http://www.amazon.com/gp/product/B002WS54G8
58	93689	AZN	http://www.amazon.com/gp/product/B00OI7JB6A
59	93689	HULU	http://www.hulu.com/watch/850412
60	93669	AZN	http://www.amazon.com/gp/product/B00MQOZETK
61	93669	HULU	http://www.hulu.com/watch/850211
62	94073	AZN	http://www.amazon.com/gp/product/B00OPX707Y
63	94073	HULU	http://www.hulu.com/watch/850303
64	58645	AZN	http://www.amazon.com/gp/product/B00B6DTIGW
65	27883	AZN	http://www.amazon.com/gp/product/B008RKIACK
66	27883	HULU	http://www.hulu.com/watch/991539
67	129839	AZN	http://www.amazon.com/gp/product/B01489KX1O
68	129839	HULU	http://www.hulu.com/watch/966501
69	1213	AZN	http://www.amazon.com/gp/product/B0051E9INK
70	1213	HULU	http://www.hulu.com/watch/222503
71	220	AZN	http://www.amazon.com/gp/product/B00AX6KMGS
72	2356	AZN	http://www.amazon.com/gp/product/B0094M4R3Q
73	93716	AZN	http://www.amazon.com/gp/product/B00R2KNVDE
74	50242	AZN	http://www.amazon.com/gp/product/B008Y78AO4
75	50242	HULU	http://www.hulu.com/watch/984385
76	61765	AZN	http://www.amazon.com/gp/product/B0035JNSKW
77	61765	HULU	http://www.hulu.com/watch/944148
78	72152	AZN	http://www.amazon.com/gp/product/B003QSPO9K
79	133154	AZN	http://www.amazon.com/gp/product/B018SUHVPK
80	133154	HULU	http://www.hulu.com/watch/975352
81	134697	AZN	http://www.amazon.com/gp/product/B01BD6AD10
82	47801	AZN	http://www.amazon.com/gp/product/B008Y7G3JS
83	47801	NFX	http://movies.netflix.com/Movie/60022048
84	62801	AZN	http://www.amazon.com/gp/product/B0099501W4
85	61397	AZN	http://www.amazon.com/gp/product/B003TNQEF0
86	132550	AZN	http://www.amazon.com/gp/product/B017WXORA6
87	132550	HULU	http://www.hulu.com/watch/975349
88	136328	AZN	http://www.amazon.com/gp/product/B01DYZLSJE
89	160	AZN	http://www.amazon.com/gp/product/B009949RKC
90	160	HULU	http://www.hulu.com/watch/707614
91	128978	AZN	http://www.amazon.com/gp/product/B0132TJCH2
92	92410	AZN	http://www.amazon.com/gp/product/B00LTMIHVW
93	135153	AZN	http://www.amazon.com/gp/product/B01E9AC036
94	37303	AZN	http://www.amazon.com/gp/product/B008PZZMZK
95	119202	AZN	http://www.amazon.com/gp/product/B013JCFXCK
96	119202	HULU	http://www.hulu.com/watch/944149
97	24484	AZN	http://www.amazon.com/gp/product/B00E1BHOFI
98	7197	AZN	http://www.amazon.com/gp/product/B005TJ7DVQ
99	7197	NFX	http://movies.netflix.com/Movie/70184165
100	133033	AZN	http://www.amazon.com/gp/product/B018SVRWV2
101	135576	AZN	http://www.amazon.com/gp/product/B01EXR3GPQ
102	114301	AZN	http://www.amazon.com/gp/product/B00T9DFQCQ
103	114301	HULU	http://www.hulu.com/watch/876136
104	69335	AZN	http://www.amazon.com/gp/product/B0037VNX44
105	69335	NFX	http://movies.netflix.com/Movie/70113944
106	73217	AZN	http://www.amazon.com/gp/product/B008PZZV8S
107	73217	HULU	http://www.hulu.com/watch/973479
108	1802	AZN	http://www.amazon.com/gp/product/B00O8NQV0S
109	3891	AZN	http://www.amazon.com/gp/product/B006S086AM
110	3891	NFX	http://movies.netflix.com/Movie/70099787
111	90353	AZN	http://www.amazon.com/gp/product/B00JXD1NLU
112	540	AZN	http://www.amazon.com/gp/product/B00AAMFHUQ
113	540	HULU	http://www.hulu.com/watch/988107
114	113380	AZN	http://www.amazon.com/gp/product/B00SY9YDIE
115	113380	HULU	http://www.hulu.com/watch/888399
116	117436	AZN	http://www.amazon.com/gp/product/B00YGNT0SK
117	54459	AZN	http://www.amazon.com/gp/product/B00KQ9VYVE
118	1923	AZN	http://www.amazon.com/gp/product/B002EXET1M
119	77158	AZN	http://www.amazon.com/gp/product/B008Q0AP2E
120	80799	AZN	http://www.amazon.com/gp/product/B00TT74ETI
121	80799	HULU	http://www.hulu.com/watch/830970
122	13999	AZN	http://www.amazon.com/gp/product/B004I7GR6C
123	13999	HULU	http://www.hulu.com/watch/958494
124	650	AZN	http://www.amazon.com/gp/product/B0094K20FK
125	650	HULU	http://www.hulu.com/watch/958020
126	15824	AZN	http://www.amazon.com/gp/product/B0091VJY74
127	14235	AZN	http://www.amazon.com/gp/product/B006RXQ62U
128	135531	AZN	http://www.amazon.com/gp/product/B01D0R1M60
129	42872	AZN	http://www.amazon.com/gp/product/B002XXNSF6
130	91997	AZN	http://www.amazon.com/gp/product/B00LERPWSS
131	477	AZN	http://www.amazon.com/gp/product/B008Q0A1CI
132	477	HULU	http://www.hulu.com/watch/958039
133	59838	AZN	http://www.amazon.com/gp/product/B009CG0102
134	93587	AZN	http://www.amazon.com/gp/product/B00MU6AVQU
135	93587	HULU	http://www.hulu.com/watch/850409
136	5108	AZN	http://www.amazon.com/gp/product/B005JE7XW0
137	5108	HULU	http://www.hulu.com/watch/645954
138	117056	AZN	http://www.amazon.com/gp/product/B00XCGUISI
139	117056	HULU	http://www.hulu.com/watch/930091
140	129062	AZN	http://www.amazon.com/gp/product/B012PGCI92
141	129062	HULU	http://www.hulu.com/watch/958004
142	136416	AZN	http://www.amazon.com/gp/product/B01DWZIADS
143	92362	AZN	http://www.amazon.com/gp/product/B00KQFMDJA
144	92362	NFX	http://movies.netflix.com/Movie/80000642
145	93061	AZN	http://www.amazon.com/gp/product/B00MFE29P8
146	12535	AZN	http://www.amazon.com/gp/product/B007H746AY
147	132161	AZN	http://www.amazon.com/gp/product/B017I241HK
148	132161	NFX	http://movies.netflix.com/Movie/80037676
149	38376	AZN	http://www.amazon.com/gp/product/B003DDBLAE
150	89698	AZN	http://www.amazon.com/gp/product/B00IXE1WG6
151	13380	AZN	http://www.amazon.com/gp/product/B0091XI3YM
152	63223	AZN	http://www.amazon.com/gp/product/B004LI4E40
153	76611	AZN	http://www.amazon.com/gp/product/B008Q07U5O
154	76611	HULU	http://www.hulu.com/watch/986578
155	134563	AZN	http://www.amazon.com/gp/product/B01BHI4FPO
156	51799	AZN	http://www.amazon.com/gp/product/B009IUC2X6
157	30400	AZN	http://www.amazon.com/gp/product/B009JZTP4Y
158	30400	HULU	http://www.hulu.com/watch/958035
159	1013	AZN	http://www.amazon.com/gp/product/B00AYB1P40
160	1013	HULU	http://www.hulu.com/watch/245893
161	30064	AZN	http://www.amazon.com/gp/product/B002XXPNXG
162	562	AZN	http://www.amazon.com/gp/product/B002O4KGLS
163	603	AZN	http://www.amazon.com/gp/product/B002O2IPP4
164	48091	AZN	http://www.amazon.com/gp/product/B00OI2MMDE
165	30757	AZN	http://www.amazon.com/gp/product/B009V5KI98
166	132277	AZN	http://www.amazon.com/gp/product/B018GZK6IQ
167	61843	AZN	http://www.amazon.com/gp/product/B00C2QUCBM
168	61843	HULU	http://www.hulu.com/watch/988110
169	76140	AZN	http://www.amazon.com/gp/product/B00ESIUGRW
170	59506	AZN	http://www.amazon.com/gp/product/B00B7G2HQ6
171	55184	AZN	http://www.amazon.com/gp/product/B002QZ399G
172	447	AZN	http://www.amazon.com/gp/product/B0026KVF9M
173	447	HULU	http://www.hulu.com/watch/958025
174	53253	AZN	http://www.amazon.com/gp/product/B0045H6V8Y
175	382	AZN	http://www.amazon.com/gp/product/B005DNBDXM
176	382	HULU	http://www.hulu.com/watch/988106
177	92322	AZN	http://www.amazon.com/gp/product/B00JXD1LDK
178	113331	AZN	http://www.amazon.com/gp/product/B00SY9NA9M
179	113331	HULU	http://www.hulu.com/watch/876137
180	132553	\N	\N
181	132553	NFX	http://movies.netflix.com/Movie/80067437
182	39587	AZN	http://www.amazon.com/gp/product/B009TGWDPG
183	133307	AZN	http://www.amazon.com/gp/product/B019PAVZJK
184	133307	HULU	http://www.hulu.com/watch/988104
185	89786	AZN	http://www.amazon.com/gp/product/B00IDD5HW2
186	134667	AZN	http://www.amazon.com/gp/product/B01BIKUHV2
187	21998	AZN	http://www.amazon.com/gp/product/B008Y7EYSK
188	21928	AZN	http://www.amazon.com/gp/product/B008Y7Y6QU
189	130769	AZN	http://www.amazon.com/gp/product/B018YMPT4W
190	65856	AZN	http://www.amazon.com/gp/product/B009TGWFQI
191	116884	AZN	http://www.amazon.com/gp/product/B00XBTG85S
192	116884	HULU	http://www.hulu.com/watch/922954
193	19924	AZN	http://www.amazon.com/gp/product/B00MLYOJ96
194	104198	AZN	http://www.amazon.com/gp/product/B00S0X4HK8
195	104198	HULU	http://www.hulu.com/watch/876120
196	94906	AZN	http://www.amazon.com/gp/product/B00QXK2AYK
197	128853	AZN	http://www.amazon.com/gp/product/B011U0HWEK
198	128853	HULU	http://www.hulu.com/watch/958002
199	22091	AZN	http://www.amazon.com/gp/product/B008Y7GPY6
200	22091	HULU	http://www.hulu.com/watch/976532
201	48395	\N	\N
202	48395	HULU	http://www.hulu.com/watch/373078
203	134810	AZN	http://www.amazon.com/gp/product/B01G7JQ682
204	13177	AZN	http://www.amazon.com/gp/product/B001VEE5KK
205	3900	AZN	http://www.amazon.com/gp/product/B001V7SME2
206	133065	AZN	http://www.amazon.com/gp/product/B018SSY2R2
207	133065	HULU	http://www.hulu.com/watch/975351
208	37653	AZN	http://www.amazon.com/gp/product/B0094LYJZI
209	114442	AZN	http://www.amazon.com/gp/product/B00T57EGRW
210	114442	HULU	http://www.hulu.com/watch/888400
211	132707	AZN	http://www.amazon.com/gp/product/B01D5FMNQ0
212	113700	AZN	http://www.amazon.com/gp/product/B00RPNBEM8
213	36490	AZN	http://www.amazon.com/gp/product/B00AAMF4FE
214	36490	HULU	http://www.hulu.com/watch/157661
215	97243	AZN	http://www.amazon.com/gp/product/B00R7FUC7M
216	97243	HULU	http://www.hulu.com/watch/876129
217	70717	AZN	http://www.amazon.com/gp/product/B000YHE9J2
218	28830	AZN	http://www.amazon.com/gp/product/B008Y7045C
219	1082	AZN	http://www.amazon.com/gp/product/B002LFVE4I
220	116974	AZN	http://www.amazon.com/gp/product/B00XOX8HKK
221	24925	AZN	http://www.amazon.com/gp/product/B002S42FSQ
222	24925	HULU	http://www.hulu.com/watch/976535
223	131161	AZN	http://www.amazon.com/gp/product/B016KA98KG
224	31423	AZN	http://www.amazon.com/gp/product/B008RKGF1I
225	31423	HULU	http://www.hulu.com/watch/850392
226	214	AZN	http://www.amazon.com/gp/product/B0035JNRXU
227	214	HULU	http://www.hulu.com/watch/958007
228	92396	AZN	http://www.amazon.com/gp/product/B00MFDNBUQ
229	96132	AZN	http://www.amazon.com/gp/product/B00R1WPAXM
230	96132	HULU	http://www.hulu.com/watch/850280
231	422	AZN	http://www.amazon.com/gp/product/B008Y7DGXE
232	422	NFX	http://movies.netflix.com/Movie/382722
233	55924	AZN	http://www.amazon.com/gp/product/B005KP7KEE
234	8050	AZN	http://www.amazon.com/gp/product/B008Y0I0HI
235	92674	AZN	http://www.amazon.com/gp/product/B00MW743SO
236	211	AZN	http://www.amazon.com/gp/product/B00B8BR6CU
237	211	NFX	http://movies.netflix.com/Movie/18170373
238	12	AZN	http://www.amazon.com/gp/product/B00166RAY6
239	81056	AZN	http://www.amazon.com/gp/product/B00166RAY6
240	23192	AZN	http://www.amazon.com/gp/product/B006S00I7G
241	18708	AZN	http://www.amazon.com/gp/product/B0091X2V2M
242	115132	AZN	http://www.amazon.com/gp/product/B00VRTFMYM
243	115132	HULU	http://www.hulu.com/watch/876140
244	271	AZN	http://www.amazon.com/gp/product/B009W7M7TE
245	271	NFX	http://movies.netflix.com/Movie/1151188
246	60478	AZN	http://www.amazon.com/gp/product/B003NG806O
247	85030	AZN	http://www.amazon.com/gp/product/B00535DBPS
249	135304	AZN	http://www.amazon.com/gp/product/B01GRUA3DA
250	135304	NFX	http://movies.netflix.com/Movie/80017662
251	129411	AZN	http://www.amazon.com/gp/product/B0132TQIJC
252	116780	AZN	http://www.amazon.com/gp/product/B00V5ZQL7U
253	116780	HULU	http://www.hulu.com/watch/885776
254	758	AZN	http://www.amazon.com/gp/product/B00DU6UAQA
255	5671	AZN	http://www.amazon.com/gp/product/B00503C7YE
256	8070	AZN	http://www.amazon.com/gp/product/B00944CJRK
257	8070	NFX	http://movies.netflix.com/Movie/70228194
258	34844	AZN	http://www.amazon.com/gp/product/B009O5JGFC
259	1713	AZN	http://www.amazon.com/gp/product/B009CGD0MI
260	93495	AZN	http://www.amazon.com/gp/product/B00MQP2I70
261	94810	AZN	http://www.amazon.com/gp/product/B00QEM9Q58
262	54798	AZN	http://www.amazon.com/gp/product/B002I090YC
263	54798	HULU	http://www.hulu.com/watch/958030
264	113713	AZN	http://www.amazon.com/gp/product/B00ZS868T6
265	113713	HULU	http://www.hulu.com/watch/909375
266	130615	AZN	http://www.amazon.com/gp/product/B015IVPBZY
267	130615	HULU	http://www.hulu.com/watch/975348
268	24015	AZN	http://www.amazon.com/gp/product/B000HX3YOY
269	24015	HULU	http://www.hulu.com/watch/233358
270	48136	AZN	http://www.amazon.com/gp/product/B008Y7R1LM
271	52059	AZN	http://www.amazon.com/gp/product/B009LL295I
272	52059	HULU	http://www.hulu.com/watch/975343
273	22665	AZN	http://www.amazon.com/gp/product/B0099458MS
274	22665	HULU	http://www.hulu.com/watch/975346
275	92749	AZN	http://www.amazon.com/gp/product/B00N1QJ07Y
276	117034	AZN	http://www.amazon.com/gp/product/B00V9UHSQY
277	5357	AZN	http://www.amazon.com/gp/product/B0044C22BA
278	5357	NFX	http://movies.netflix.com/Movie/70135635
279	95439	AZN	http://www.amazon.com/gp/product/B00QROIMM6
280	95439	NFX	http://movies.netflix.com/Movie/80027826
281	1308	AZN	http://www.amazon.com/gp/product/B008Y7E2PK
282	1308	HULU	http://www.hulu.com/watch/991466
283	134160	AZN	http://www.amazon.com/gp/product/B01AKTGDTM
284	73698	AZN	http://www.amazon.com/gp/product/B00AHSFQMM
285	73698	HULU	http://www.hulu.com/watch/869193
286	46776	AZN	http://www.amazon.com/gp/product/B003UOFW1U
287	113239	AZN	http://www.amazon.com/gp/product/B014GXSIZ0
288	7647	AZN	http://www.amazon.com/gp/product/B00AHSKOBK
289	79225	AZN	http://www.amazon.com/gp/product/B001ML9LSS
290	79225	HULU	http://www.hulu.com/watch/988109
291	286	AZN	http://www.amazon.com/gp/product/B00DNO2LFC
292	2232	AZN	http://www.amazon.com/gp/product/B008Y7FE48
293	94714	AZN	http://www.amazon.com/gp/product/B00OLI8FIQ
294	68894	AZN	http://www.amazon.com/gp/product/B00993I6D2
295	68894	HULU	http://www.hulu.com/watch/975355
296	1240	AZN	http://www.amazon.com/gp/product/B00K1UFZG8
297	1240	NFX	http://movies.netflix.com/Movie/60022319
298	117052	AZN	http://www.amazon.com/gp/product/B01B0DKTZQ
299	117052	HULU	http://www.hulu.com/watch/988097
300	55960	AZN	http://www.amazon.com/gp/product/B0094M0VYU
301	48049	AZN	http://www.amazon.com/gp/product/B008Y7A6OG
302	48049	HULU	http://www.hulu.com/watch/245884
303	96137	AZN	http://www.amazon.com/gp/product/B00QWUJRHE
304	96137	HULU	http://www.hulu.com/watch/862304
305	81495	AZN	http://www.amazon.com/gp/product/B00DHBAWGG
306	81495	NFX	http://movies.netflix.com/Movie/70257861
307	74992	AZN	http://www.amazon.com/gp/product/B002SQNLBO
308	57544	AZN	http://www.amazon.com/gp/product/B004W7FWTG
309	57544	NFX	http://movies.netflix.com/Movie/70130141
310	22483	AZN	http://www.amazon.com/gp/product/B002KOMRQE
311	113238	AZN	http://www.amazon.com/gp/product/B00R8MK7J2
312	113238	HULU	http://www.hulu.com/watch/850209
313	46070	AZN	http://www.amazon.com/gp/product/B00354N9MY
314	7002	AZN	http://www.amazon.com/gp/product/B00870ZEEM
315	26998	AZN	http://www.amazon.com/gp/product/B001XUT6AG
316	26998	HULU	http://www.hulu.com/watch/958008
317	54176	AZN	http://www.amazon.com/gp/product/B008Y7HKBI
318	54176	NFX	http://movies.netflix.com/Movie/60021790
319	2678	AZN	http://www.amazon.com/gp/product/B008GWSS6W
320	2678	HULU	http://www.hulu.com/watch/95970
321	113600	AZN	http://www.amazon.com/gp/product/B00QMW3HIC
322	1022	AZN	http://www.amazon.com/gp/product/B00ABOLNVK
323	438	AZN	http://www.amazon.com/gp/product/B00FJUYSO0
324	115818	AZN	http://www.amazon.com/gp/product/B00TFVZXHA
325	44282	AZN	http://www.amazon.com/gp/product/B000K3M1VI
326	21174	AZN	http://www.amazon.com/gp/product/B00C1BTN9K
327	7662	AZN	http://www.amazon.com/gp/product/B0093SB8VU
328	7662	NFX	http://movies.netflix.com/Movie/70209163
329	26943	AZN	http://www.amazon.com/gp/product/B00FMOBNKA
330	4793	AZN	http://www.amazon.com/gp/product/B008VVET4S
331	116409	AZN	http://www.amazon.com/gp/product/B00ZGTSADY
332	115747	AZN	http://www.amazon.com/gp/product/B00UBRJ6MA
333	39063	AZN	http://www.amazon.com/gp/product/B00A7E1OA4
334	93551	AZN	http://www.amazon.com/gp/product/B00O1SIQ6C
335	163	AZN	http://www.amazon.com/gp/product/B005DWASMK
336	163	HULU	http://www.hulu.com/watch/398635
337	135588	AZN	http://www.amazon.com/gp/product/B005DWASMK
338	135588	HULU	http://www.hulu.com/watch/945215
339	116321	AZN	http://www.amazon.com/gp/product/B0142KJ5RM
340	134354	AZN	http://www.amazon.com/gp/product/B01AGY3TOS
341	5522	AZN	http://www.amazon.com/gp/product/B008Y6UGLA
342	5522	HULU	http://www.hulu.com/watch/745769
343	37242	AZN	http://www.amazon.com/gp/product/B002LSD7VS
344	95346	AZN	http://www.amazon.com/gp/product/B00Q3GKGFO
345	95346	HULU	http://www.hulu.com/watch/856695
346	2268	AZN	http://www.amazon.com/gp/product/B002M5KZWO
347	3622	AZN	http://www.amazon.com/gp/product/B006227ACQ
348	41847	AZN	http://www.amazon.com/gp/product/B004NER03Y
349	41847	NFX	http://movies.netflix.com/Movie/60004542
350	26106	AZN	http://www.amazon.com/gp/product/B00BMTUKX0
351	26106	HULU	http://www.hulu.com/watch/904595
352	3155	AZN	http://www.amazon.com/gp/product/B0026ATDT6
353	3155	NFX	http://movies.netflix.com/Movie/70059029
354	71275	AZN	http://www.amazon.com/gp/product/B00L24HG2I
355	24726	AZN	http://www.amazon.com/gp/product/B009CFYWK8
356	46250	AZN	http://www.amazon.com/gp/product/B00B1WQSUM
357	5258	AZN	http://www.amazon.com/gp/product/B007772ZRA
358	5258	NFX	http://movies.netflix.com/Movie/70134598
359	129648	AZN	http://www.amazon.com/gp/product/B014F677I2
360	3912	AZN	http://www.amazon.com/gp/product/B00DQAF1GE
361	3912	HULU	http://www.hulu.com/watch/651499
362	301	AZN	http://www.amazon.com/gp/product/B001XUNQ4S
363	301	HULU	http://www.hulu.com/watch/958019
364	134864	AZN	http://www.amazon.com/gp/product/B01DE9XWJ4
365	113616	AZN	http://www.amazon.com/gp/product/B00T3LZ52U
\.


--
-- Name: movies_sources_movie_source_id_seq; Type: SEQUENCE SET; Schema: public; Owner: vagrant
--

SELECT pg_catalog.setval('movies_sources_movie_source_id_seq', 365, true);


--
-- Data for Name: movies_watched; Type: TABLE DATA; Schema: public; Owner: vagrant
--

COPY movies_watched (movies_watched_id, movie_id, user_id) FROM stdin;
1	603	11
2	115747	11
\.


--
-- Name: movies_watched_movies_watched_id_seq; Type: SEQUENCE SET; Schema: public; Owner: vagrant
--

SELECT pg_catalog.setval('movies_watched_movies_watched_id_seq', 2, true);


--
-- Data for Name: sources; Type: TABLE DATA; Schema: public; Owner: vagrant
--

COPY sources (src_code, source) FROM stdin;
AZN	Amazon
NFX	Netflix
HULU	Hulu
\.


--
-- Data for Name: t1_keywords; Type: TABLE DATA; Schema: public; Owner: vagrant
--

COPY t1_keywords (qk_id, descriptive_keyword) FROM stdin;
1	Action
2	Adventure
3	Animation
4	Biography
5	Children's
6	Comedy
7	Crime Story
8	Documentary
9	Dramatic
10	Family Oriented
11	Fantasy
12	Film-Noir
13	Food related
14	Historical
15	Horror
16	Musical
17	Mystery
18	Romantic
19	Science-Fiction
20	Sports based
21	Suspense
22	Thriller
23	War
24	Western
\.


--
-- Name: t1_keywords_qk_id_seq; Type: SEQUENCE SET; Schema: public; Owner: vagrant
--

SELECT pg_catalog.setval('t1_keywords_qk_id_seq', 24, true);


--
-- Data for Name: users; Type: TABLE DATA; Schema: public; Owner: vagrant
--

COPY users (user_id, email, password) FROM stdin;
1	noelis@noeliscoolcool.com	$2b$10$Vi2UgwJCm/vTs4vWTsTnxeMwp8bKbzYsw8N/y2GYjyrw/4H1qfaM6
2	vk@vk.com	$2b$10$lODXLEDxA7wo1fiC1o74aehi8YOu9Om9A8sM89Wp99Jr5jiLjfrQq
3	crazy4@my.com	$2b$10$Nl4/ekXbGpgaHViXnwSULet2CpmCTCtxHm/wtWuOYhasFfQuIKC.O
4	angelcupid23@mycupid.com	$2b$10$aYHwzuJZ.Ozo//ksVQoWGuSPRdp.6XhcHp1xHOO3EqJQFkCpEVWmW
5	amy@amy.com	$2b$10$TRaeF0wdoyTwEx.3Bhm2BeqT6EOsctnRwsw1sfdOFLAn8u01ey1Tq
6	warren@gmail.com	$2b$10$Bzfv4oRe1M/5leG9bItTtOSs6mnBPD6weOI4JB6rrjNkGoJVgFHA2
7	riya234@yahoo.com	$2b$10$tI8pn24jLWIrmNS5WbNLNeCttgzn21xwUq3UYskv9dLgTh9O9k0RC
8	dumbledore@hpotter.com	$2b$10$DCauR1/8GHtmMKgC.B9yYeLuDYOu7wllmSgoDwTND9kSYaTmUSEl.
9	mannaaa@gmail.com	$2b$10$KEfQkcTPEAL07S90DVh3y.zl.1HFm1D/0RePr8YgIrbmoEAYotMXC
10	ilovemovies@yahoo.com	$2b$10$CHKI985lcs0QFXoJaYgra.GieZZleqSIYKSsV2rayz8Ub1shH7U0i
11	evk@evk.com	$2b$10$aLS/oW/mZhuYfL6klPHteujJlMiaA2dSrqa2M9kYFumQDVZ5SULQ.
\.


--
-- Data for Name: users_preferences; Type: TABLE DATA; Schema: public; Owner: vagrant
--

COPY users_preferences (up_id, keyword_id, user_id, genre_rating) FROM stdin;
8	9	3	3
172	12	11	2
23	23	7	1
156	24	4	2
99	11	6	-2
27	24	8	1
114	19	6	1
65	12	2	1
72	21	4	2
9	11	3	1
45	17	5	1
97	14	6	0
125	23	8	0
169	17	7	2
152	16	10	1
100	16	6	-1
70	10	3	-3
92	2	3	-1
7	9	2	-3
73	20	5	1
54	16	8	0
69	12	3	0
109	18	3	1
95	1	4	1
136	22	8	1
148	6	7	3
112	19	4	8
81	8	8	5
21	24	6	1
160	15	9	3
129	17	10	0
139	3	9	2
25	13	7	-2
168	11	7	0
90	5	2	3
105	12	10	1
145	7	3	2
19	6	6	-3
49	13	6	2
122	12	5	0
107	16	2	1
104	3	8	1
111	1	3	4
162	20	10	2
29	9	9	8
137	1	8	4
117	13	8	1
98	5	6	3
127	10	9	2
37	9	1	1
130	22	2	0
22	18	7	2
91	24	2	-1
146	2	4	-1
43	22	4	7
120	18	2	-2
30	7	9	7
77	14	5	0
157	16	4	2
101	2	7	0
78	4	6	4
123	6	5	-4
102	1	7	0
31	11	10	2
32	8	10	2
3	3	1	5
87	4	1	3
118	21	9	3
140	11	9	-1
108	17	2	-2
11	9	4	4
110	6	3	0
149	3	7	2
93	24	3	0
82	2	8	-1
14	12	4	3
135	14	7	1
159	21	8	1
141	22	10	1
39	6	2	5
10	23	3	5
12	14	4	2
15	20	4	1
24	21	7	1
2	21	1	3
86	18	10	2
6	3	2	2
142	23	10	-2
106	10	1	1
62	8	1	2
131	4	2	1
13	13	4	1
96	11	4	1
67	20	3	1
76	19	5	-3
52	22	7	0
28	12	8	0
116	4	8	2
158	23	6	-1
61	3	10	4
57	14	9	1
128	15	10	-1
35	5	1	0
4	14	1	0
161	1	10	0
132	19	2	-4
74	11	5	0
89	20	2	0
144	15	3	-3
113	8	4	-1
94	3	4	4
166	4	5	3
167	24	5	3
55	15	8	7
20	2	6	4
147	15	6	3
47	1	5	0
124	1	6	3
134	10	7	-1
115	24	7	2
85	12	9	0
171	4	10	2
68	14	3	1
1	13	1	1
121	17	3	1
233	18	6	0
44	3	5	-2
234	12	6	0
205	7	11	0
210	16	11	0
180	22	11	1
38	10	2	-3
183	21	2	1
185	8	3	1
199	8	6	2
231	17	11	1
223	24	11	1
50	10	6	0
194	12	1	1
80	7	7	-2
64	17	1	6
63	11	1	2
197	22	3	1
184	3	3	2
198	10	4	1
209	9	7	3
201	14	8	0
33	9	10	4
40	14	2	1
207	9	11	1
165	19	3	0
71	17	4	8
176	10	8	1
208	6	4	1
164	23	2	1
17	21	5	0
225	7	8	1
232	5	5	1
42	7	4	4
150	17	8	4
174	20	6	2
170	18	8	5
200	5	7	0
75	9	5	-4
48	9	6	0
213	1	1	1
163	13	2	0
41	21	3	2
219	23	4	1
186	16	5	0
79	21	6	5
177	5	9	4
51	15	7	7
151	17	9	-3
84	8	9	2
203	1	9	2
202	22	9	2
179	14	10	1
191	8	11	0
222	24	10	2
53	19	7	-1
206	5	11	2
215	7	1	2
88	22	1	-2
126	6	8	-1
217	5	3	0
216	13	3	0
103	9	8	-1
60	7	10	2
187	22	5	1
83	19	9	2
190	2	10	-2
119	19	10	2
153	6	10	-5
175	16	7	3
189	5	8	-1
224	10	11	0
193	18	11	0
56	6	9	5
138	20	9	2
59	2	9	1
58	4	9	1
154	13	10	0
181	20	11	0
226	5	10	1
173	15	11	1
36	6	1	5
227	1	11	1
214	16	1	0
212	6	11	4
204	4	11	0
211	2	11	0
192	19	11	3
235	24	1	1
182	2	1	2
228	4	4	1
18	7	5	-1
133	22	6	-1
188	7	6	-1
229	17	6	1
221	12	7	3
26	19	8	4
178	18	9	3
230	23	9	1
34	21	10	1
143	18	1	1
5	19	1	1
66	2	2	-6
195	15	2	0
155	7	2	2
236	4	3	1
196	16	3	0
218	18	4	2
16	15	5	-1
220	18	5	0
237	10	5	1
46	2	5	6
\.


--
-- Name: users_preferences_up_id_seq; Type: SEQUENCE SET; Schema: public; Owner: vagrant
--

SELECT pg_catalog.setval('users_preferences_up_id_seq', 237, true);


--
-- Name: users_user_id_seq; Type: SEQUENCE SET; Schema: public; Owner: vagrant
--

SELECT pg_catalog.setval('users_user_id_seq', 11, true);


--
-- Name: genres_genre_key; Type: CONSTRAINT; Schema: public; Owner: vagrant
--

ALTER TABLE ONLY genres
    ADD CONSTRAINT genres_genre_key UNIQUE (genre);


--
-- Name: genres_pkey; Type: CONSTRAINT; Schema: public; Owner: vagrant
--

ALTER TABLE ONLY genres
    ADD CONSTRAINT genres_pkey PRIMARY KEY (genre_id);


--
-- Name: movie_keywords_ratings_pkey; Type: CONSTRAINT; Schema: public; Owner: vagrant
--

ALTER TABLE ONLY movie_keywords_ratings
    ADD CONSTRAINT movie_keywords_ratings_pkey PRIMARY KEY (mkr_id);


--
-- Name: movies_genres_pkey; Type: CONSTRAINT; Schema: public; Owner: vagrant
--

ALTER TABLE ONLY movies_genres
    ADD CONSTRAINT movies_genres_pkey PRIMARY KEY (movie_genre_id);


--
-- Name: movies_pkey; Type: CONSTRAINT; Schema: public; Owner: vagrant
--

ALTER TABLE ONLY movies
    ADD CONSTRAINT movies_pkey PRIMARY KEY (movie_id);


--
-- Name: movies_sources_pkey; Type: CONSTRAINT; Schema: public; Owner: vagrant
--

ALTER TABLE ONLY movies_sources
    ADD CONSTRAINT movies_sources_pkey PRIMARY KEY (movie_source_id);


--
-- Name: movies_watched_pkey; Type: CONSTRAINT; Schema: public; Owner: vagrant
--

ALTER TABLE ONLY movies_watched
    ADD CONSTRAINT movies_watched_pkey PRIMARY KEY (movies_watched_id);


--
-- Name: sources_pkey; Type: CONSTRAINT; Schema: public; Owner: vagrant
--

ALTER TABLE ONLY sources
    ADD CONSTRAINT sources_pkey PRIMARY KEY (src_code);


--
-- Name: sources_source_key; Type: CONSTRAINT; Schema: public; Owner: vagrant
--

ALTER TABLE ONLY sources
    ADD CONSTRAINT sources_source_key UNIQUE (source);


--
-- Name: t1_keywords_descriptive_keyword_key; Type: CONSTRAINT; Schema: public; Owner: vagrant
--

ALTER TABLE ONLY t1_keywords
    ADD CONSTRAINT t1_keywords_descriptive_keyword_key UNIQUE (descriptive_keyword);


--
-- Name: t1_keywords_pkey; Type: CONSTRAINT; Schema: public; Owner: vagrant
--

ALTER TABLE ONLY t1_keywords
    ADD CONSTRAINT t1_keywords_pkey PRIMARY KEY (qk_id);


--
-- Name: users_pkey; Type: CONSTRAINT; Schema: public; Owner: vagrant
--

ALTER TABLE ONLY users
    ADD CONSTRAINT users_pkey PRIMARY KEY (user_id);


--
-- Name: users_preferences_pkey; Type: CONSTRAINT; Schema: public; Owner: vagrant
--

ALTER TABLE ONLY users_preferences
    ADD CONSTRAINT users_preferences_pkey PRIMARY KEY (up_id);


--
-- Name: movie_keywords_ratings_keyword_id_fkey; Type: FK CONSTRAINT; Schema: public; Owner: vagrant
--

ALTER TABLE ONLY movie_keywords_ratings
    ADD CONSTRAINT movie_keywords_ratings_keyword_id_fkey FOREIGN KEY (keyword_id) REFERENCES t1_keywords(qk_id);


--
-- Name: movie_keywords_ratings_movie_id_fkey; Type: FK CONSTRAINT; Schema: public; Owner: vagrant
--

ALTER TABLE ONLY movie_keywords_ratings
    ADD CONSTRAINT movie_keywords_ratings_movie_id_fkey FOREIGN KEY (movie_id) REFERENCES movies(movie_id);


--
-- Name: movies_genres_genre_id_fkey; Type: FK CONSTRAINT; Schema: public; Owner: vagrant
--

ALTER TABLE ONLY movies_genres
    ADD CONSTRAINT movies_genres_genre_id_fkey FOREIGN KEY (genre_id) REFERENCES genres(genre_id);


--
-- Name: movies_genres_movie_id_fkey; Type: FK CONSTRAINT; Schema: public; Owner: vagrant
--

ALTER TABLE ONLY movies_genres
    ADD CONSTRAINT movies_genres_movie_id_fkey FOREIGN KEY (movie_id) REFERENCES movies(movie_id);


--
-- Name: movies_sources_movie_id_fkey; Type: FK CONSTRAINT; Schema: public; Owner: vagrant
--

ALTER TABLE ONLY movies_sources
    ADD CONSTRAINT movies_sources_movie_id_fkey FOREIGN KEY (movie_id) REFERENCES movies(movie_id);


--
-- Name: movies_sources_src_code_fkey; Type: FK CONSTRAINT; Schema: public; Owner: vagrant
--

ALTER TABLE ONLY movies_sources
    ADD CONSTRAINT movies_sources_src_code_fkey FOREIGN KEY (src_code) REFERENCES sources(src_code);


--
-- Name: movies_watched_movie_id_fkey; Type: FK CONSTRAINT; Schema: public; Owner: vagrant
--

ALTER TABLE ONLY movies_watched
    ADD CONSTRAINT movies_watched_movie_id_fkey FOREIGN KEY (movie_id) REFERENCES movies(movie_id);


--
-- Name: movies_watched_user_id_fkey; Type: FK CONSTRAINT; Schema: public; Owner: vagrant
--

ALTER TABLE ONLY movies_watched
    ADD CONSTRAINT movies_watched_user_id_fkey FOREIGN KEY (user_id) REFERENCES users(user_id);


--
-- Name: users_preferences_keyword_id_fkey; Type: FK CONSTRAINT; Schema: public; Owner: vagrant
--

ALTER TABLE ONLY users_preferences
    ADD CONSTRAINT users_preferences_keyword_id_fkey FOREIGN KEY (keyword_id) REFERENCES t1_keywords(qk_id);


--
-- Name: users_preferences_user_id_fkey; Type: FK CONSTRAINT; Schema: public; Owner: vagrant
--

ALTER TABLE ONLY users_preferences
    ADD CONSTRAINT users_preferences_user_id_fkey FOREIGN KEY (user_id) REFERENCES users(user_id);


--
-- Name: public; Type: ACL; Schema: -; Owner: postgres
--

REVOKE ALL ON SCHEMA public FROM PUBLIC;
REVOKE ALL ON SCHEMA public FROM postgres;
GRANT ALL ON SCHEMA public TO postgres;
GRANT ALL ON SCHEMA public TO PUBLIC;


--
-- PostgreSQL database dump complete
--

